Workbook
Name OT: #REF!

Sheet Acerca de
C2: SOBRE ESTE DIAGRAMA DE GANTT
C4: Visualice y realice un seguimiento de sus proyectos con esta plantilla de diagrama de Gantt. Para empezar, escriba las tareas en las que está trabajando en la sección Descripción de hito y, después, escriba los detalles de cada tarea. Los datos se actualizarán automáticamente y es fácil insertar nuevas tareas o usar la barra de desplazamiento para desplazarse por la escala de tiempo.
C5: • Use Progreso para agregar la cantidad del proyecto que ha terminado agregando un número de porcentaje. • Agregue el día en que inició el proyecto en Fecha de inicio. • Complete los cálculos rellenando el número de días que necesita para completar el proyecto en el campo Nro. de días.

Sheet FEB.-22
B1: Cliente Interno | C1: Cliente | D1: Equipo | E1: Modelo/Capacidad | F1: Camion | G1: Modelo | H1: Vin / Patente | I1: VALOR NETO | J1: % | K1: SM | M1: Fecha | O1: INGENIERIA | P1: CORTE Y PLEGADO | Q1: ARMADO | R1: MONTAJE | S1: PINTURA | T1: HIDRAULICA | U1: TERMINACIONES
A2: 1277 | B2: CENTRO EQUIPOS | C2: VOLVO | D2: ALJIBE | E2: 20 M³ | F2: VOLVO | G2: VM 330 | H2: 176283 | I2: 17000000 | J2: 1 | K2: 1 | L2: OK | M2: 44596 | N2: 1 | O2: OK | P2: OK | Q2: OK | R2: OK | S2: OK | T2: OK | U2: OK
A3: 1334 | B3: ETP | C3: KAUFMANN / CMT | D3: COMBUSTIBLE | E3: 6 M³ | F3: M.BENZ | G3: 1726 | H3: 241545 | I3: 20746000 | J3: 1 | K3: 2 | L3: OK | M3: 44600 | N3: 1 | O3: OK | P3: OK | Q3: OK | R3: OK | S3: OK | T3: OK | U3: OK
A4: 1267 | B4: CENTRO EQUIPOS | C4: VOLVO | D4: CARROCERIA MINERA | E4: 6.300x2.600x4x500 + PIÑAS | F4: VOLVO | G4: FMX 420 | H4: 906687 | I4: 6900000 | J4: 1 | K4: 2 | L4: OK | M4: 44602 | N4: 1 | O4: OK | P4: OK | Q4: OK | R4: OK | S4: OK | T4: OK | U4: OK
A5: 1290 | B5: CENTRO EQUIPOS | C5: SALFA | D5: TOLVA | E5: TFR 24 M³ + PUERTA MINERA | F5: MACK | G5: GRANITE | H5: 1172 | I5: 19500000 | J5: 1 | K5: 3 | L5: OK | M5: 44606 | N5: 1 | O5: OK | P5: OK | Q5: OK | R5: OK | S5: OK | T5: OK | U5: OK
A6: 1151 | B6: CENTRO EQUIPOS | C6: CARMONA | D6: TOLVA | E6: TPI 15 M³ | F6: V.WAGEN | G6: 31330 | H6: 33260 | I6: 9800000 | J6: 1 | K6: 3 | L6: OK | M6: 44608 | N6: 1 | O6: OK | P6: OK | Q6: OK | R6: OK | S6: OK | T6: OK | U6: OK
A7: 1222 | B7: ETP | C7: KAUFMANN | D7: LUBRICADOR | E7: MIXTO | F7: M.BENZ | G7: 1726 | H7: 228012 | I7: 40300000 | J7: 1 | K7: 3 | L7: OK | M7: 44608 | N7: 1 | O7: OK | P7: OK | Q7: OK | R7: OK | S7: OK | T7: OK | U7: OK
A8: 1264 | B8: CENTRO EQUIPOS | C8: BESALCO | D8: COMBUSTIBLE | E8: 15 M³ | F8: INTER | G8: 7600 | H8: GKPH-94 | I8: 22400000 | J8: 1 | K8: 3 | L8: OK | M8: 44609 | N8: 1 | O8: OK | P8: OK | Q8: OK | R8: OK | S8: OK | T8: OK | U8: OK
A9: 1221 | B9: ETP | C9: DIFOR | D9: TOLVA | E9: TPI 14 A 15 M³ | F9: V.WAGEN | G9: 32360 | H9: 43849 | I9: 10400000 | J9: 1 | K9: 3 | L9: OK | M9: 44610 | N9: 1 | O9: OK | P9: OK | Q9: OK | R9: OK | S9: OK | T9: OK | U9: OK
A10: 1394 | B10: ETP | C10: MUNI. DE PERQUENCO | D10: TOLVA | E10: TPI 12 M³ A 14 M³ | F10: V.WAGEN | G10: 31330 | H10: 43229 | I10: 14000000 | J10: 1 | K10: 3 | L10: OK | M10: 44610 | N10: 1 | O10: OK | P10: OK | Q10: OK | R10: OK | S10: OK | T10: OK | U10: OK
A11: 1395 | B11: ETP | C11: MUNI. DE PERQUENCO | D11: TOLVA | E11: TRE 8 M³ | F11: V.WAGEN | G11: 17280 | H11: 29662 | I11: 8000000 | J11: 1 | K11: 4 | L11: OK | M11: 44614 | N11: 1 | O11: OK | P11: OK | Q11: OK | R11: OK | S11: OK | T11: OK | U11: OK
A12: 1361 | B12: ETP | C12: TRANSERIK | D12: TOLVA | E12: TPI 16 M³ A 17 M³ | F12: VOLVO | G12: VM 330 | H12: 178712 | I12: 12500000 | J12: 1 | K12: 4 | L12: OK | M12: 44614 | N12: 1 | O12: OK | P12: OK | Q12: OK | R12: OK | S12: OK | T12: OK | U12: OK
A13: 1166 | B13: CENTRO EQUIPOS | C13: SALFA | D13: TOLVA | E13: TFR 22 M³ + PUERTA MINERA | F13: RENAULT | G13: K 480 | H13: 1033 | I13: 19500000 | J13: 1 | K13: 4 | L13: OK | M13: 44617 | N13: 1 | O13: OK | P13: OK | Q13: OK | R13: OK | S13: OK | T13: OK | U13: OK
A14: 1368 | B14: ETP | C14: AUTO SUMMIT | D14: TOLVA | E14: TPI 12 M³ A 14 M³ | F14: V.WAGEN | G14: 31330 | H14: 43029 | I14: 10500000 | J14: 1 | K14: 5 | L14: OK | M14: 44620 | N14: 1 | O14: OK | P14: OK | Q14: OK | R14: OK | S14: OK | T14: OK | U14: OK
A15: 1165 | B15: CENTRO EQUIPOS | C15: SALFA | D15: TOLVA | E15: TFR 22 M³ + PUERTA MINERA | F15: RENAULT | G15: K 480 | H15: 1034 | I15: 19500000 | J15: 1 | K15: 5 | L15: OK | M15: 44622 | N15: 1 | O15: OK | P15: OK | Q15: OK | R15: OK | S15: OK | T15: OK | U15: OK
A16: 1167 | B16: CENTRO EQUIPOS | C16: SALFA | D16: TOLVA | E16: TFR 22 M³ + PUERTA MINERA | F16: RENAULT | G16: K 480 | H16: 1031 | I16: 19500000 | J16: 1 | K16: 6 | L16: OK | M16: 44628 | N16: 1 | O16: OK | P16: OK | Q16: OK | R16: OK | S16: OK | T16: OK | U16: ok
A17: 1391 | B17: ETP | C17: PORSCHE / LABEL ING. | D17: TOLVA | E17: TRE 8 M³ | F17: V.WAGEN | G17: 17230 | H17: 45907 | I17: 8500000 | J17: 1 | K17: 5 | L17: OK | M17: 44622 | N17: 1 | O17: OK | P17: OK | Q17: OK | R17: OK | S17: OK | T17: OK | U17: OK
A18: 1392 | B18: ETP | C18: PORSCHE / LABEL ING. | D18: TOLVA | E18: TRE 8 M³ | F18: V.WAGEN | G18: 17230 | H18: 46735 | I18: 8500000 | J18: 1 | K18: 5 | L18: OK | M18: 44621 | N18: 1 | O18: OK | P18: OK | Q18: OK | R18: OK | S18: OK | T18: OK | U18: OK
A19: 1323 | B19: CENTRO EQUIPOS | C19: VOLVO | D19: ALJIBE | E19: 20 M³ | F19: VOLVO | G19: VM 330 | H19: 178012 | I19: 21000000 | J19: 1 | K19: 5 | L19: OK | M19: 44620 | N19: 1 | O19: OK | P19: OK | Q19: OK | R19: OK | S19: OK | T19: OK | U19: OK
A20: 1263 | B20: CENTRO EQUIPOS | C20: SALFA / ISLA DE MAIPO | D20: ATMOSFERICO | E20: 13 M³ | F20: CHEVROLET | G20: FVR 1826 | H20: 7000008 | I20: 24500000 | J20: 1 | K20: 5 | L20: OK | M20: 44620 | N20: 1 | O20: OK | P20: OK | Q20: OK | R20: OK | S20: OK | T20: OK | U20: OK
A22: 1330 | B22: CENTRO EQUIPOS | C22: DOCALL | D22: TOLVA | E22: TRE 4 M³ A 5 M³ CON NICHO | F22: V.WAGEN | G22: 9-170 | H22: 37083 | I22: 8000000 | J22: 1 | K22: Solo Para Bono | M22: 44592 | N22: 1
G24: Total equipo Febrero | H24: =SUM(N2:N23) -> 20 | I24: =SUM(I2:I20) -> 313046000
G26: Equ. Fab. Y Facturado | I26: =SUMIF(J2:J20,J26,I2:I20) -> 313046000 | J26: 1
G27: Equ. Facturado semanal | H27: 31/01 al 4/02 | I27: =SUMIF($K$2:$K$23,J27,$I$2:$I$23) -> 17000000 | J27: 1
G28: Equ. Facturado semanal | H28: 7/02 al 11/02 | I28: =SUMIF($K$2:$K$23,J28,$I$2:$I$23) -> 27646000 | J28: 2
G29: Equ. Facturado semanal | H29: 14/02 al 18/02 | I29: =SUMIF($K$2:$K$23,J29,$I$2:$I$23) -> 116400000 | J29: 3
G30: Equ. Facturado semanal | H30: 21/02 al 25/02 | I30: =SUMIF($K$2:$K$23,J30,$I$2:$I$23) -> 40000000 | J30: 4
G31: Equ. Facturado semanal | H31: 28/02 al 4/03 | I31: =SUMIF($K$2:$K$23,J31,$I$2:$I$23) -> 92500000 | J31: 5
G32: Equ. Facturado semanal | H32: 7/03 al 11/03 | I32: =SUMIF($K$2:$K$23,J32,$I$2:$I$23) -> 19500000 | J32: 6
G34: Mix de Producto | I34: Cliente Interno
G35: ALJIBE | H35: =SUMIF($D$2:$D$21,G35,$N$2:$N$21) -> 2 | I35: ETP | J35: =SUMIF($B$2:$B$21,I35,$N$2:$N$21) -> 9
G36: ATMOSFERICO | H36: =SUMIF($D$2:$D$21,G36,$N$2:$N$21) -> 1 | I36: CENTRO EQUIPOS | J36: =SUMIF($B$2:$B$21,I36,$N$2:$N$21) -> 10
G37: CARROCERIA MINERA | H37: =SUMIF($D$2:$D$21,G37,$N$2:$N$21) -> 1
G38: COMBUSTIBLE | H38: =SUMIF($D$2:$D$21,G38,$N$2:$N$21) -> 2
G39: COMBUSTIBLE AVIACION | H39: =SUMIF($D$2:$D$21,G39,$N$2:$N$21) -> 0
G40: LUBRICADOR | H40: =SUMIF($D$2:$D$21,G40,$N$2:$N$21) -> 1
G41: TOLVA | H41: =SUMIF($D$2:$D$21,G41,$N$2:$N$21) -> 12
H43: =SUM(H35:H42) -> 19 | J43: =SUM(J35:J42) -> 19
B46: Distribucion de Hora Extra
B47: Hora Extra Entre semana | C47: Sabado | D47: Domingo | E47: Feriado | F47: Total Hora Extra
B48: 94 | C48: 411 | D48: 135 | E48: 0 | F48: =SUM(A48:E48) -> 640

Sheet ENE.-22
A1: OT | B1: Cliente Interno | C1: Cliente | D1: Equipo | E1: Modelo/Capacidad | F1: Camion | G1: Modelo | H1: Vin / Patente | I1: VALOR NETO | J1: % | K1: SM | M1: Fecha
A2: 1163 | B2: CENTRO EQUIPOS | C2: SALFA | D2: TOLVA | E2: TFR 22 M³ + PUERTA MINERA | F2: RENAULT | G2: K 480 | H2: 1015 | I2: 19500000 | J2: 1 | K2: 1 | L2: OK | M2: 44567 | N2: 1
A3: 1206 | B3: CENTRO EQUIPOS | C3: PORSCHE / LAURO | D3: ALJIBE | E3: 20 M³ INOX | F3: V.WAGEN | G3: 32360 | H3: 18288 | I3: 25000000 | J3: 1 | K3: 2 | L3: OK | M3: 44567 | N3: 1
A4: 1285 | B4: CENTRO EQUIPOS | C4: OSERVIN | D4: TOLVA | E4: TRE 10 M³ A 12 M³ INOX | F4: V.WAGEN | G4: 32360 | H4: 32230 | I4: 12500000 | J4: 1 | K4: 2 | L4: OK | M4: 44567 | N4: 1
A5: 1164 | B5: CENTRO EQUIPOS | C5: SALFA | D5: TOLVA | E5: TFR 22 M³ + PUERTA MINERA | F5: RENAULT | G5: K 480 | H5: 1013 | I5: 19500000 | J5: 1 | K5: 2 | L5: OK | M5: 44572 | N5: 1
A6: 1214 | B6: ETP | C6: KAUFMANN | D6: TOLVA | E6: TPI 14 M³ | F6: M.BENZ | G6: 3131 | H6: 247332 | I6: 10500000 | J6: 1 | K6: 2 | L6: OK | M6: 44575 | N6: 1
A7: 1248 | B7: ETP | C7: KAUFMANN | D7: TOLVA | E7: TPI 14 M³ | F7: M.BENZ | G7: 3131 | H7: 242805 | I7: 10500000 | J7: 1 | K7: 3 | L7: OK | M7: 44578 | N7: 1
A8: 1205 | B8: CENTRO EQUIPOS | C8: VOLVO / M.VALDIVIA | D8: ALJIBE | E8: 20 M³ INOX | F8: VOLVO | G8: VM 330 | H8: 176434 | I8: 25000000 | J8: 1 | K8: 3 | L8: OK | M8: 44582 | N8: 1
A9: 1249 | B9: ETP | C9: KAUFMANN | D9: TOLVA | E9: TPI 12 M³ A 14 M³ | F9: M.BENZ | G9: 3131 | H9: 247272 | I9: 10500000 | J9: 1 | K9: 3 | L9: OK | M9: 44582 | N9: 1
A10: 1219 | B10: ETP | C10: DIFOR | D10: TOLVA | E10: TPI 14 A 15 M³ | F10: V.WAGEN | G10: 32360 | H10: 38041 | I10: 10400000 | J10: 1 | K10: 4 | L10: OK | M10: 44586 | N10: 1
A11: 1012 | B11: ETP | C11: MOVITEC | D11: LUBRICADOR | E11: LUBRICADOR CERRADO | F11: VOLVO | G11: VM 330 | H11: 173913 | I11: 101129090 | J11: 1 | K11: 4 | L11: OK | M11: 44586 | N11: 1
A12: 1207 | B12: ETP | C12: JUAN CONTRERAS | D12: COMBUSTIBLE | E12: 10 M³ | F12: V.WAGEN | G12: 17230 | H12: 22451 | I12: 20000000 | J12: 1 | K12: 4 | L12: OK | M12: 44587 | N12: 1
A13: 1289 | B13: CENTRO EQUIPOS | C13: SALFA | D13: TOLVA | E13: TFR 24 M³ + PUERTA MINERA | F13: MACK | G13: GRANITE | H13: 1177 | I13: 19500000 | J13: 1 | K13: 4 | L13: OK | M13: 44587 | N13: 1
A14: 1278 | B14: CENTRO EQUIPOS | C14: KOVACS | D14: ALJIBE | E14: 10 M³ INOX + MOTOBOMBA | F14: CHEVROLET | G14: FVR 1724 | H14: 7000051 | I14: 14900000 | J14: 1 | K14: 4 | L14: OK | M14: 44587 | N14: 1
A15: 1245 | B15: CENTRO EQUIPOS | C15: SCANIA | D15: ALJIBE | E15: 15 M³ + ESCALERA MELL | F15: SCANIA | G15: P 410 | H15: 3991968 | I15: 16000000 | J15: 1 | K15: 5 | L15: OK | M15: 44593 | N15: 1
A16: 1291 | B16: CENTRO EQUIPOS | C16: SALFA | D16: TOLVA | E16: TFR 24 M³ + PUERTA MINERA | F16: MACK | G16: GRANITE | H16: 1178 | I16: 19500000 | J16: 1 | K16: 5 | L16: OK | M16: 44593 | N16: 1
A17: 1261 | B17: ETP | C17: PORSCHE | D17: TOLVA | E17: TPI 14 M³ | F17: V.WAGEN | G17: 31330 | H17: 42727 | I17: 9500000 | J17: 1 | K17: 5 | L17: OK | M17: 44593 | N17: 1
A18: 1351 | B18: ETP | C18: DIFOR | D18: TOLVA | E18: TPI 14 A 15 M³ | F18: V.WAGEN | G18: 32360 | H18: 43857 | I18: 10400000 | J18: 1 | K18: 5 | L18: OK | M18: 44594 | N18: 1
A19: 1201 | B19: ETP | C19: J.VERDEJO - PTO | D19: ATMOSFERICO | E19: 8 M³ | F19: V.WAGEN | G19: 17220 | H19: CYWY-86 | I19: 18500000 | J19: 1 | K19: 5 | L19: OK | M19: 44595 | N19: 1
A20: 1247 | B20: ETP | C20: KAUFMANN | D20: TOLVA | E20: TPI 12 M³ A 14 M³ | F20: M.BENZ | G20: 3131 | H20: 247332 | I20: 10500000 | J20: 1 | K20: 5 | L20: OK | M20: 44599 | N20: 1
A21: 1367 | B21: ETP | C21: AUTO SUMMIT | D21: TOLVA | E21: TPI 12 M³ A 14 M³ | F21: V.WAGEN | G21: 31330 | H21: 43194 | I21: 10500000 | J21: 1 | K21: 5 | L21: OK | M21: 44606 | N21: 1
G24: Total equipo Enero | H24: =SUM(N2:N21) -> 20 | I24: =SUM(I2:I21) -> 393829090
G26: Equ. Fab. Y Facturado | I26: =SUMIF(J2:J23,J26,I2:I23) -> 393829090 | J26: 1
G27: Equ. Facturado semanal | H27: 3/01 al 7/01 | I27: =SUMIF($K$2:$K$21,J27,$I$2:$I$21) -> 19500000 | J27: 1
G28: Equ. Facturado semanal | H28: 10/01 al 14/01 | I28: =SUMIF($K$2:$K$21,J28,$I$2:$I$21) -> 67500000 | J28: 2
G29: Equ. Facturado semanal | H29: 17/01 al 21/01 | I29: =SUMIF($K$2:$K$21,J29,$I$2:$I$21) -> 46000000 | J29: 3
G30: Equ. Facturado semanal | H30: 24/01 al 28/01 | I30: =SUMIF($K$2:$K$21,J30,$I$2:$I$21) -> 165929090 | J30: 4
G31: Equ. Facturado semanal | H31: 31/01 al 4/02 | I31: =SUMIF($K$2:$K$19,J31,$I$2:$I$20) -> 73900000 | J31: 5
G33: Mix de Producto | I33: Cliente Interno
G34: ALJIBE | H34: =SUMIF($D$2:$D$21,G34,$N$2:$N$21) -> 4 | I34: ETP | J34: =SUMIF($B$2:$B$21,I34,$N$2:$N$21) -> 11
G35: ATMOSFERICO | H35: =SUMIF($D$2:$D$21,G35,$N$2:$N$21) -> 1 | I35: CENTRO EQUIPOS | J35: =SUMIF($B$2:$B$21,I35,$N$2:$N$21) -> 9
G36: CARROCERIA MINERA | H36: =SUMIF($D$2:$D$21,G36,$N$2:$N$21) -> 0
G37: COMBUSTIBLE | H37: =SUMIF($D$2:$D$21,G37,$N$2:$N$21) -> 1
G38: COMBUSTIBLE AVIACION | H38: =SUMIF($D$2:$D$21,G38,$N$2:$N$21) -> 0
G39: LUBRICADOR | H39: =SUMIF($D$2:$D$21,G39,$N$2:$N$21) -> 1
G40: TOLVA | H40: =SUMIF($D$2:$D$21,G40,$N$2:$N$21) -> 13
H42: =SUM(H34:H41) -> 20 | J42: =SUM(J34:J41) -> 20
B46: Distribucion de Hora Extra
B47: Hora Extra Entre semana | C47: Sabado | D47: Domingo | E47: Feriado | F47: Total Hora Extra
B48: 144 | C48: 462 | D48: 67 | E48: 0 | F48: =SUM(A48:E48) -> 673

Sheet MAR-22
A1: Prioridad | B1: OT | C1: Cliente Interno | D1: Cliente | E1: Equipo | F1: Modelo/Capacidad | G1: Camion | H1: Modelo | I1: Vin / Patente | J1: VALOR NETO | K1: % | L1: SM | N1: Fecha | P1: INGENIERIA | Q1: Dia | R1: CORTE Y PLEGADO | S1: Dia | T1: ARMADO | U1: Dia | V1: MONTAJE | W1: Dia | X1: PINTURA | Y1: Dia | Z1: HIDRAULICA | AA1: Dia | AB1: TERMINACIONES | AC1: Dia | AD1: PTO | AE1: BBA H | AF1: CILINDRO | AG1: DERIVADORA | AH1: MOTOR H | AI1: BBA CENT. | AJ1: BBA VACIO
A2: Entregada | B2: 1170 | C2: CENTRO EQUIPOS | D2: SALFA | E2: TOLVA | F2: TFR 22 M³ + PUERTA MINERA | G2: RENAULT | H2: K 480 | I2: 1036 | J2: 19500000 | K2: 1 | L2: 3 | M2: OK | N2: 44638 | O2: 1 | P2: OK | Q2: - | R2: OK | S2: - | T2: OK | U2: - | V2: OK | W2: 4 | X2: OK | Y2: 1 | Z2: OK | AA2: 1 | AB2: OK | AC2: 1
A3: Entregada | B3: 1292 | C3: CENTRO EQUIPOS | D3: SALFA | E3: TOLVA | F3: TFR 24 M³ + PUERTA MINERA | G3: MACK | H3: GRANITE | I3: 1212 | J3: 19500000 | K3: 1 | L3: 4 | M3: OK | N3: 44644 | O3: 1 | P3: OK | Q3: - | R3: OK | S3: - | T3: OK | U3: 3.5 | V3: OK | W3: 5.5 | X3: OK | Y3: 1 | Z3: OK | AA3: 1 | AB3: OK | AC3: 1
A4: Entregada | B4: 1397 | C4: ETP | D4: DIFOR | E4: TOLVA | F4: 15 M³ XAR | G4: MAN | H4: TGS 33.480 | I4: 892877 | J4: 19000000 | K4: 1 | L4: 5 | M4: OK | N4: 44651 | O4: 1 | P4: OK | Q4: - | R4: OK | S4: - | T4: OK | U4: 4 | V4: OK | W4: 5 | X4: OK | Y4: 1 | Z4: OK | AA4: 1 | AB4: OK | AC4: 1.5
A5: Entregada | B5: 1293 | C5: CENTRO EQUIPOS | D5: SALFA | E5: TOLVA | F5: TFR 24 M³ + PUERTA MINERA | G5: MACK | H5: GRANITE | I5: 1212 | J5: 19500000 | K5: 1 | L5: 5 | M5: OK | N5: 44650 | O5: 1 | P5: OK | Q5: - | R5: OK | S5: - | T5: OK | U5: 6.5 | V5: OK | W5: 6 | X5: OK | Y5: 1 | Z5: OK | AA5: 1 | AB5: OK | AC5: 1.5
A6: Entregada | B6: 1294 | C6: CENTRO EQUIPOS | D6: SALFA | E6: TOLVA | F6: TFR 24 M³ + PUERTA MINERA | G6: MACK | H6: GRANITE | I6: 1238 | J6: 19500000 | K6: 1 | L6: 5 | M6: OK | N6: 44652 | O6: 1 | P6: OK | Q6: - | R6: OK | S6: - | T6: OK | U6: 4.5 | V6: OK | W6: 5.5 | X6: OK | Y6: 1 | Z6: OK | AA6: 1 | AB6: OK | AC6: 1.5
A7: Entregada | B7: 1335 | C7: CENTRO EQUIPOS | D7: OSERVIM | E7: TOLVA | F7: TRE 10 M³ A 12 M³ INOX | G7: V.WAGEN | H7: 32360 | I7: 37931 | J7: 14900000 | K7: 1 | L7: 6 | M7: OK | N7: 44656 | O7: 1 | P7: OK | Q7: - | R7: OK | S7: 1.5 | T7: OK | U7: 4 | V7: OK | W7: 7.5 | X7: OK | Y7: 1 | Z7: OK | AA7: 1 | AB7: OK | AC7: 1
A8: Entregada | B8: 1250 | C8: ETP | D8: KAUFMANN | E8: TOLVA | F8: TPI 12 M³ A 14 M³ | G8: M.BENZ | H8: 3131 | I8: 247645 | J8: 10500000 | K8: 1 | L8: 6 | M8: OK | N8: 44659 | O8: 1 | P8: OK | Q8: - | R8: OK | S8: 1.5 | T8: OK | U8: 2.5 | V8: OK | W8: 3 | X8: OK | Y8: 1 | Z8: OK | AA8: 1 | AB8: OK | AC8: 1
A9: Entregada | B9: 1295 | C9: CENTRO EQUIPOS | D9: SALFA | E9: TOLVA | F9: TFR 24 M³ + PUERTA MINERA | G9: MACK | H9: GRANITE | I9: 1214 | J9: 19500000 | K9: 1 | L9: 4 | M9: OK | N9: 44645 | O9: 1 | P9: OK | Q9: - | R9: OK | S9: - | T9: OK | U9: 4 | V9: OK | W9: 3 | X9: OK | Y9: 1 | Z9: OK | AA9: 1 | AB9: OK | AC9: 1.5
A10: Entregada | B10: 1336 | C10: CENTRO EQUIPOS | D10: OSERVIM | E10: TOLVA | F10: TRE 10 M³ A 12 M³ INOX | G10: V.WAGEN | H10: 32360 | I10: 38204 | J10: 14900000 | K10: 1 | L10: 6 | M10: OK | N10: 44659 | O10: 1 | P10: OK | Q10: - | R10: OK | S10: 1.5 | T10: OK | U10: 5 | V10: OK | W10: 5 | X10: OK | Y10: 1 | Z10: OK | AA10: 1 | AB10: OK | AC10: 1
A11: Entregada | B11: 1362 | C11: ETP | D11: TRANSERIK | E11: TOLVA | F11: TPI 16 M³ A 17 M³ | G11: VOLVO | H11: VM 330 | I11: 177404 | J11: 12500000 | K11: 1 | L11: 6 | M11: OK | N11: 44655 | O11: 1 | P11: OK | Q11: - | R11: OK | S11: 1.5 | T11: OK | U11: 2.5 | V11: OK | W11: 3 | X11: OK | Y11: 1 | Z11: OK | AA11: 1 | AB11: OK | AC11: 1
A12: Entregada | B12: 1398 | C12: ETP | D12: PORSCHE | E12: TOLVA | F12: TRE 6 M³ A 8 M³ | G12: V.WAGEN | H12: 17280 | I12: 42668 | J12: 8500000 | K12: 1 | L12: 6 | M12: OK | N12: 44657 | O12: 1 | P12: OK | Q12: - | R12: OK | S12: 1 | T12: OK | U12: 2 | V12: OK | W12: 4 | X12: OK | Y12: 1 | Z12: OK | AA12: 1 | AB12: OK | AC12: 1
A13: Entregada | B13: 1168 | C13: CENTRO EQUIPOS | D13: SALFA | E13: TOLVA | F13: TFR 22 M³ + PUERTA MINERA | G13: RENAULT | H13: K 480 | I13: 1032 | J13: 19500000 | K13: 1 | L13: 3 | M13: OK | N13: 44635 | O13: 1 | P13: OK | Q13: - | R13: OK | S13: - | T13: OK | U13: - | V13: OK | W13: - | X13: OK | Y13: - | Z13: OK | AA13: - | AB13: OK | AC13: -
A14: Entregada | B14: 1169 | C14: CENTRO EQUIPOS | D14: SALFA | E14: TOLVA | F14: TFR 22 M³ + PUERTA MINERA | G14: RENAULT | H14: K 480 | I14: 1035 | J14: 19500000 | K14: 1 | L14: 3 | M14: OK | N14: 44636 | O14: 1 | P14: OK | Q14: - | R14: OK | S14: - | T14: OK | U14: - | V14: OK | W14: - | X14: OK | Y14: - | Z14: OK | AA14: - | AB14: OK | AC14: -
A15: Entregada | B15: 1220 | C15: ETP | D15: DIFOR | E15: TOLVA | F15: TPI 14 A 15 M³ | G15: V.WAGEN | H15: 32360 | I15: 38030 | J15: 10400000 | K15: 1 | L15: 2 | M15: OK | N15: 44627 | O15: 1 | P15: OK | Q15: - | R15: OK | S15: - | T15: OK | U15: - | V15: OK | W15: - | X15: OK | Y15: - | Z15: OK | AA15: - | AB15: OK | AC15: -
A16: Entregada | B16: 1402 | C16: ETP | D16: CHILE ARIDOS | E16: TOLVA | F16: TPI 14 M³ + PUERTA MINERA | G16: VOLVO | H16: VM 330 | I16: 178413 | J16: 11500000 | K16: 1 | L16: 3 | M16: OK | N16: 44635 | O16: 1 | P16: OK | Q16: - | R16: OK | S16: - | T16: OK | U16: - | V16: OK | W16: - | X16: OK | Y16: - | Z16: OK | AA16: - | AB16: OK | AC16: -
A17: Entregada | B17: 1328 | C17: CENTRO EQUIPOS | D17: CARMONA | E17: ALJIBE | F17: 20 M³ | G17: V.WAGEN | H17: 32360 | I17: 38208 | J17: 23500000 | K17: 1 | L17: 5 | M17: OK | N17: 44650 | O17: 1 | P17: OK | Q17: - | R17: OK | S17: - | T17: OK | U17: 3.5 | V17: OK | W17: 5.5 | X17: OK | Y17: 1.5 | Z17: OK | AA17: 5 | AB17: OK | AC17: 2
A18: Entregada | B18: 1154 | C18: CENTRO EQUIPOS | D18: MAESTRANZA ALEMANIA | E18: LUBRICADOR | F18: FURGON CERRADO | G18: M.BENZ | H18: 3342 | I18: 535548 | J18: 188843650 | K18: 1 | L18: 6 | M18: OK | N18: 44659 | O18: 1 | P18: OK | Q18: - | R18: OK | S18: - | T18: OK | U18: - | V18: OK | W18: - | X18: OK | Z18: OK | AA18: - | AB18: OK
A19: Entregada | B19: 1176 | C19: ETP | D19: USIMECA | E19: ATMOSFERICO | F19: 14.5 + 1 M³ | G19: SCANIA | H19: P 410 | I19: 3994744 | J19: 27250000 | K19: 1 | L19: 3 | M19: OK | N19: 44638 | O19: 0.5 | P19: OK | Q19: - | R19: OK | S19: - | T19: OK | U19: - | V19: OK | W19: - | X19: OK | Y19: - | Z19: OK | AB19: OK
A20: Entregada | B20: 1241 | C20: ETP | D20: JUAN CONTRERAS | E20: ALJIBE | F20: 20 M³ INOX | G20: V.WAGEN | H20: 31330 | I20: 33731 | J20: 27000000 | K20: 1 | L20: 6 | M20: OK | N20: 44659 | O20: 1 | P20: OK | Q20: - | R20: OK | S20: - | T20: OK | U20: 4 | V20: OK | W20: 4 | X20: OK | Y20: 1.5 | Z20: OK | AA20: 5 | AB20: OK | AC20: 1.5
A21: Entregada | B21: 1244 | C21: CENTRO EQUIPOS | D21: SALFA | E21: COMBUSTIBLE AVIACION | F21: JET A1 10 M³ | G21: CHEVROLET | H21: FVR 1826 | I21: 7000354 | J21: 130000000 | K21: 1 | L21: 5 | M21: OK | N21: 44652 | O21: 1 | P21: OK | Q21: - | R21: OK | S21: - | T21: OK | U21: - | V21: OK | W21: - | X21: OK | Y21: - | Z21: OK | AA21: - | AB21: OK | AC21: -
A22: Entregada | B22: 1268 | C22: CENTRO EQUIPOS | D22: VOLVO / PATRICIO ALVARADO | E22: ALJIBE | F22: 20 M³ INOX | G22: VOLVO | H22: VM 330 | I22: 178609 | J22: 23000000 | K22: 1 | L22: 4 | M22: OK | N22: 44646 | O22: 1 | P22: OK | Q22: - | R22: OK | S22: - | T22: OK | U22: - | V22: OK | W22: - | X22: OK | Y22: - | Z22: OK | AA22: - | AB22: OK | AC22: 2
A23: Entregada | B23: 1348 | C23: ETP | D23: KAUFMANN | E23: COMBUSTIBLE | F23: 6 M³ + 1 M³ ADDBLUE | G23: M.BENZ | H23: 1419 | I23: 236737 | J23: 32000000 | K23: 1 | L23: 4 | M23: OK | N23: 44641 | O23: 1 | P23: OK | Q23: - | R23: OK | S23: - | T23: OK | U23: - | V23: OK | W23: - | X23: OK | Y23: 1 | Z23: OK | AA23: - | AB23: OK | AC23: -
A24: Entregada | B24: 1401 | C24: ETP | D24: MUNI. DE LOS ALAMOS | E24: ATMOSFERICO | F24: 8 M³ + 2 M³ | G24: HINO | H24: 1726 | I24: 11353 | J24: 20000000 | K24: 1 | L24: 2 | M24: OK | N24: 44629 | O24: 1 | P24: OK | Q24: - | R24: OK | S24: - | T24: OK | U24: - | V24: OK | W24: - | X24: OK | Y24: - | Z24: OK | AA24: - | AB24: OK | AC24: -
A27: Entregada | B27: PTO 97 | C27: CENTRO EQUIPOS | D27: MAESTRANZA ALEMANIA | E27: COMBUSTIBLE | F27: 20 M³ | G27: M.BENZ | H27: 3324 | I27: - | J27: - | K27: 1 | L27: Solo Para Bono | M27: OK | N27: 44638 | O27: 0.5 | P27: OK | Q27: - | R27: OK | S27: - | T27: OK | U27: - | V27: OK | W27: - | X27: OK | Y27: - | Z27: OK | AA27: - | AB27: OK | AC27: -
C49: Mix de Producto | E49: Cliente Interno | H49: Total equipo Marzo | I49: =SUM(O2:O47) -> 23 | J49: =SUM(J2:J47) -> 710293650 | K49: =SUM(P49:AB49) -> 1 | P49: 0.03 | R49: 0.1 | T49: 0.3 | V49: 0.3 | X49: 0.1 | Z49: 0.12 | AB49: 0.05
C50: ALJIBE | D50: =SUMIF($E$2:$E$47,C50,$O$2:$O$47) -> 3 | E50: ETP | F50: =SUMIF($C$2:$C$47,E50,$O$2:$O$51) -> 9.5 | M50: Equipo Fab. hasta
C51: ATMOSFERICO | D51: =SUMIF($E$2:$E$47,C51,$O$2:$O$47) -> 1.5 | E51: CENTRO EQUIPOS | F51: =SUMIF($C$2:$C$47,E51,$O$2:$O$51) -> 13.5 | H51: Equ. Fab. Y Facturado | J51: =SUMIF(K2:K47,K51,J2:J47) -> 710293650 | K51: 1 | N51: =SUMIF($K$2:$K$47,K51,$O$2:$O$47) -> 23
C52: CARROCERIA MINERA | D52: =SUMIF($E$2:$E$47,C52,$O$2:$O$47) -> 0 | H52: Equ. Facturado semanal | I52: 28/02 al 04/03 | J52: =SUMIF($L$2:$L$47,K52,$J$2:$J$47) -> 0 | K52: 1
C53: COMBUSTIBLE | D53: =SUMIF($E$2:$E$47,C53,$O$2:$O$47) -> 1.5 | H53: Equ. Facturado semanal | I53: 07/03 a 11/03 | J53: =SUMIF($L$2:$L$47,K53,$J$2:$J$47) -> 30400000 | K53: 2
C54: COMBUSTIBLE AVIACION | D54: =SUMIF($E$2:$E$47,C54,$O$2:$O$47) -> 1 | H54: Equ. Facturado semanal | I54: 14/03 a 18/03 | J54: =SUMIF($L$2:$L$47,K54,$J$2:$J$47) -> 97250000 | K54: 3
C55: LUBRICADOR | D55: =SUMIF($E$2:$E$47,C55,$O$2:$O$47) -> 1 | H55: Equ. Facturado semanal | I55: 21/03 a 25/03 | J55: =SUMIF($L$2:$L$47,K55,$J$2:$J$47) -> 94000000 | K55: 4
C56: TOLVA | D56: =SUMIF($E$2:$E$47,C56,$O$2:$O$47) -> 15 | H56: Equ. Facturado semanal | I56: 28/03 a 01/04 | J56: =SUMIF($L$2:$L$47,K56,$J$2:$J$47) -> 211500000 | K56: 5
H57: Equ. Facturado semanal | I57: 04/04 A 08/04 | J57: =SUMIF($L$2:$L$47,K57,$J$2:$J$47) -> 277143650 | K57: 6
C59: Total | D59: =SUM(D50:D58) -> 23 | E59: Total | F59: =SUM(F50:F58) -> 23
A60: Observaciones | I60: Atrasos por Areas | J60: Motivos de Atrasos
A61: 44621 | B61: Mar
A62: =+A61+1 -> 44622 | B62: Mie
A63: =+A62+1 -> 44623 | B63: Jue
A64: =+A63+1 -> 44624 | B64: Vie
A65: =+A64+1 -> 44625 | B65: Sab
A66: =+A65+1 -> 44626 | B66: Dom
A67: =+A66+1 -> 44627 | B67: Lun
A68: =+A67+1 -> 44628 | B68: Mar
A69: =+A68+1 -> 44629 | B69: Mie
A70: =+A69+1 -> 44630 | B70: Jue
A71: =+A70+1 -> 44631 | B71: Vie | C71: Falta maquina de soldar para completar cuadrilla de armado (Afecta avance en OT 1397) | I71: AR-A | J71: FM
A72: =+A71+1 -> 44632 | B72: Sab
A73: =+A72+1 -> 44633 | B73: Dom
A74: =+A73+1 -> 44634 | B74: Lun | C74: Problema en maquina, Torno averiado | I74: CP-A | J74: FM
A75: 44634 | B75: Lun | C75: Hector Gonzalez, Ausente por motivo medio (Afecto avance en OT 1293 TFR 24M³) | I75: AR-A | J75: AP
A76: 44634 | B76: Lun | C76: Falla en Yale | I76: AR-A | J76: FM
A77: 44634 | B77: Lun | C77: Falta maquina de soldar para completar cuadrilla de armado (Afecta avance en OT 1397) | I77: AR-A | J77: FM
A78: =+A74+1 -> 44635 | B78: Mar | C78: Problema en maquina, Torno averiado | I78: CP-A | J78: FM
A79: 44635 | B79: Mar | C79: John Anton Ausente por motivo medido (Afecto avance en OT 973 Comb. 20M³) | I79: AR-A | J79: AP
A80: 44635 | B80: Mar | C80: Falta maquina de soldar para completar cuadrilla de armado (Afecta avance en OT 1397) | I80: AR-A | J80: FM
A81: =+A78+1 -> 44636 | B81: Mie | C81: Problema en maquina, Torno averiado | I81: CP-A | J81: FM
A82: 44636 | B82: Mie | C82: Falla Electrica en el sector | I82: TMI | J82: FS
A83: 44636 | B83: Mie | C83: Ausencia de personal en el area de montaje (Carlos Galdamez y Sergio Manque) (Afecta avance en OT 1292 y 1202) | I83: MON-A | J83: AP
A84: 44636 | B84: Mie | C84: Renuncia de Batian Varga | I84: HID-A | J84: AP
A85: 44636 | B85: Mie | C85: Reproceso en OT 1402 TPI 14M³ Por falta de informacion del aera de ventas (Afecta avance en OT 1328 Alj 20M³) | I85: MON-A | J85: REP
A86: 44636 | B86: Mie | C86: Falta maquina de soldar para completar cuadrilla de armado (Afecta avance en OT 1397) | I86: AR-A | J86: FM
A87: =+A81+1 -> 44637 | B87: Jue | C87: Atraso en fabricacion de OT 1364 Comb. 18M³ por empalme de tapas de aljibe OT 1378 Alj. Inox 20M³ | I87: AR-A | J87: CAP
A88: =+A82+1 -> 44637 | B88: Jue | C88: Falla en Yale, Atraso en cilindrado de OT 1364 Comb. 18M³ | I88: AR-A | J88: FM
A89: =+A83+1 -> 44637 | B89: Jue | C89: Problema en maquina, Torno averiado | I89: CP-A | J89: FM
A90: =+A83+1 -> 44637 | B90: Jue | C90: Reproceso en OT 1268 Alj 20M³ Por falta de informacion del aera de ventas (Afecta avance en OT 1328 Alj 20M³) | I90: MON-A | J90: REP
A91: 44638 | B91: Vie | C91: Atraso en fabricacion de OT 1364 Comb. 18M³ por problemas en tapas | I91: AR-A | J91: FMAT
A92: 44638 | B92: Vie | C92: Problema en maquina, Torno averiado | I92: CP-A | J92: FM
A93: 44638 | B93: Vie | C93: Ausencia de personal en el area de Hidraulica (Jonathan Soto Afecta avance en OT 1268) | I93: HID-A | J93: AP
A94: =+A87+1 -> 44638 | B94: Vie | C94: Problema en maquina, sierra (Se requiere una hoja mas pequeña) | I94: CP-A | J94: FM
A95: =+A88+1 -> 44638 | B95: Vie | C95: Problema en plegadora presenta un error y la cortina está bajando muy lento | I95: CP-A | J95: FM
A96: =+A94+1 -> 44639 | B96: Sab
A97: =+A96+1 -> 44640 | B97: Dom
A98: =+A97+1 -> 44641 | B98: Lun | C98: Problema en maquina, Torno averiado | I98: CP-A | J98: FM
A99: 44641 | B99: Lun | C99: Ausencia de personal en el area de Maquina (Oscar Nuñes Afecta avance en OT 1250 y 1155) | I99: CP-A | J99: AP
A100: 44642 | B100: Mar | C100: Ausencia de personal en el area de Armado (Paolo Zuetta y John Aton Afecta avance en OT 1335 y 973) | I100: AR-A | J100: AP
A101: 44642 | B101: Mar | C101: Se detiene trabajo en ot 1364 Comb. 18M³ | I101: AR-A | J101: CAP
A102: 44642 | B102: Mar | C102: Se presente atraso en OT 1250 TPI 12 a 14 M³ por manguera quemada en mesa de corte (Pana de 3 Hora aprox) | I102: CP-A | J102: FM
A103: 44642 | B103: Mar | C103: Problema en maquina, Torno averiado | I103: CP-A | J103: FM
A104: 44643 | B104: Mie | C104: Ausencia de personal en el area de Armado (John Aton Afecta avance en OT 973) | I104: AR-A | J104: AP
A105: 44643 | B105: Mie | C105: Se detiene trabajo en ot 1364 Comb. 18M³ | I105: AR-A | J105: CAP
A106: 44643 | B106: Mie | C106: Problema en maquina, Torno averiado | I106: CP-A | J106: FM
A107: 44644 | B107: Jue | C107: Problema en maquina, Torno averiado | I107: CP-A | J107: FM
A108: 44644 | B108: Jue | C108: Atraso en aera hidraulica por falta de material enviada a pato vidal (Afecta OT 1241 y 1328) | I108: HID-A | J108: FMAT
A109: =+A106+1 -> 44644 | B109: Jue | C109: Atraso en ot 1364 por falta de tapas | I109: AR-A | J109: FMAT
A110: 44645 | B110: Vie | C110: Problema en maquina, Torno averiado | I110: CP-A | J110: FM
A111: 44645 | B111: Vie | C111: Atraso en aera hidraulica por falta de material enviada a pato vidal (Afecta OT 1241 y 1328) | I111: HID-A | J111: FMAT
A112: 44645 | B112: Vie | C112: Atraso por falta de mecanizado (Adecta OT 1293 y 1397) | I112: MON-A | J112: FMAT
A113: =+A109+1 -> 44645 | B113: Vie | C113: Atraso en ot 1364 por falta de tapas | I113: AR-A | J113: FMAT
A114: =+A113+1 -> 44646 | B114: Sab
A115: =+A114+1 -> 44647 | B115: Dom
A116: =+A115+1 -> 44648 | B116: Lun | C116: Ausencia de personal en el area de Armado (Luis Chauca y Manuel Salina Afecta avance en OT 1335) | I116: MON-A | J116: AP
A117: 44648 | B117: Lun | C117: Problema en maquina, Torno averiado | I117: CP-A | J117: FM
A118: 44648 | B118: Lun
A119: =+A116+1 -> 44649 | B119: Mar | C119: Falta de material acero para tolva | I119: CP-A | J119: FMAT
A120: 44649 | B120: Mar | C120: Problema en maquina, Torno averiado | I120: CP-A | J120: FM
A121: 44649 | B121: Mar | C121: Atraso en ot 1364 por falta de tapas | I121: AR-A | J121: FMAT
A122: =+A119+1 -> 44650 | B122: Mie | C122: Falta de material acero para tolva | I122: CP-A | J122: FMAT
A123: 44650 | B123: Mie | C123: Problema en maquina, Torno averiado | I123: CP-A | J123: FM
A124: 44650 | B124: Mie | C124: Ausencia de personal en el area de montaje rafecta avance OT 1336 | I124: MON-A | J124: AP
...

Sheet ABR-22
A1: Prioridad | B1: OT | C1: Cliente Interno | D1: Cliente | E1: Equipo | F1: Modelo/Capacidad | G1: Camion | H1: Modelo | I1: Vin / Patente | J1: VALOR NETO | K1: % | L1: SM | N1: Fecha | P1: INGENIERIA | Q1: Dia | R1: CORTE Y PLEGADO | S1: Dia | T1: ARMADO | U1: Dia | V1: MONTAJE | W1: Dia | X1: PINTURA | Y1: Dia | Z1: HIDRAULICA | AA1: Dia | AB1: TERMINACIONES | AC1: Dia | AD1: PTO | AE1: STOCK | AF1: BBA H | AG1: STOCK | AH1: CILINDRO | AI1: STOCK | AJ1: DERIVADORA | AK1: MOTOR H | AL1: BBA CENT. | AM1: BBA VACIO | AN1: Bomba Comb. | AO1: Stock | AP1: Cuenta Litro | AQ1: Stock | AR1: Kit Combustible | AS1: Stock | AT1: Carrete | AU1: Stock | AV1: Manguera | AW1: Stock | AX1: Pistola | AY1: Stock | AZ1: Microfiltro | BA1: STOCK | BB1: Pintura | BC1: Stock | BD1: Acero
A2: Entregada | B2: 1191 | C2: CENTRO EQUIPOS | D2: SALFA | E2: TOLVA | F2: TFR 24 M³ + PUERTA MINERA | G2: MACK | H2: GRANITE | I2: 1232 | J2: 19500000 | K2: 1 | L2: 3 | M2: OK | N2: 44673 | O2: 1 | P2: OK | Q2: - | R2: OK | S2: 2.5 | T2: OK | U2: 4 | V2: OK | W2: 3 | X2: OK | Y2: 1 | Z2: OK | AA2: 1 | AB2: OK | AC2: 1 | AD2: INCORPORADO | AE2: SI | AF2: Bezares 120 | AG2: SI | AH2: Hyva 179-5 | AI2: guia 2623 Hyva | BB2: 4.5 GL. | BC2: planta | BD2: PLANTA
A3: Entregada | B3: 1192 | C3: CENTRO EQUIPOS | D3: SALFA | E3: TOLVA | F3: TFR 24 M³ + PUERTA MINERA | G3: MACK | H3: GRANITE | I3: 1222 | J3: 19500000 | K3: 1 | L3: 4 | M3: OK | N3: 44676 | O3: 1 | P3: OK | Q3: - | R3: OK | S3: 2.5 | T3: OK | U3: 7 | V3: OK | W3: 3.5 | X3: OK | Y3: 1 | Z3: OK | AA3: 1 | AB3: OK | AC3: 1 | AD3: INCORPORADO | AE3: SI | AF3: Bezares 120 | AG3: SI | AH3: Hyva 179-5 | AI3: guia 2649 Hyva | BB3: 4.5 GL. | BC3: planta | BD3: PLANTA
A4: Entregada | B4: 1152 | C4: CENTRO EQUIPOS | D4: CARMONA | E4: TOLVA | F4: TPI 14 M³ | G4: V.WAGEN | H4: 31330 | I4: 47670 | J4: 9800000 | K4: 1 | L4: 1 | M4: OK | N4: 44657 | O4: 1 | P4: OK | Q4: 1 | R4: OK | S4: 1 | T4: OK | U4: 3.5 | V4: OK | W4: 3 | X4: OK | Y4: 0.5 | Z4: OK | AA4: 1 | AB4: OK | AC4: 1 | AD4: BEZARES | AE4: SI | AF4: Bezares 80 | AG4: SI | AH4: Hyva 137-3 | AI4: guia 2623 Hyva | BB4: 3 GL | BC4: planta | BD4: PLANTA
A5: Entregada | B5: 1344 | C5: ETP | D5: PORSCHE / QUILIN | E5: TOLVA | F5: TPI 14 M³ | G5: V.WAGEN | H5: 31330 | I5: 37058 | J5: 10490000 | K5: 1 | L5: 2 | M5: OK | N5: 44665 | O5: 1 | P5: OK | Q5: 1 | R5: OK | S5: 1.5 | T5: OK | U5: 2 | V5: OK | W5: 2.5 | X5: OK | Y5: 0.5 | Z5: OK | AA5: 1 | AB5: OK | AC5: 1 | AD5: INCORPORADO | AE5: SI | AF5: Bezares 80 | AG5: SI | AH5: Hyva 137-3 | AI5: guia 2647 Hyva | BB5: 3 GL | BC5: PLANTA | BD5: PLANTA
A6: Entregada | B6: 1345 | C6: ETP | D6: PORSCHE / QUILIN | E6: TOLVA | F6: TPI 14 M³ | G6: V.WAGEN | H6: 31330 | I6: 38199 | J6: 10490000 | K6: 1 | L6: 2 | M6: OK | N6: 44665 | O6: 1 | P6: OK | Q6: 1 | R6: OK | S6: 1.5 | T6: OK | U6: 2.5 | V6: OK | W6: 3 | X6: OK | Y6: 1 | Z6: OK | AA6: 1.5 | AB6: OK | AC6: 1 | AD6: INCORPORADO | AE6: SI | AF6: Bezares 80 | AG6: SI | AH6: Hyva 137-3 | AI6: guia 2647 Hyva | BB6: 3 GL | BC6: PLANTA | BD6: PLANTA
A7: Entregada | B7: 1346 | C7: ETP | D7: PORSCHE / QUILIN | E7: TOLVA | F7: TPI 14 M³ | G7: V.WAGEN | H7: 32360 | I7: 38808 | J7: 10490000 | K7: 1 | L7: 2 | M7: OK | N7: 44665 | O7: 1 | P7: OK | Q7: 1 | R7: OK | S7: 1.5 | T7: OK | U7: 2.5 | V7: OK | W7: 3 | X7: OK | Y7: 1 | Z7: OK | AA7: 1.5 | AB7: OK | AC7: 1 | AD7: INCORPORADO | AE7: SI | AF7: Bezares 80 | AG7: SI | AH7: Hyva 137-3 | AI7: guia 2647 Hyva | BB7: 3 GL | BC7: PLANTA | BD7: PLANTA
A8: Entregada | B8: 1337 | C8: CENTRO EQUIPOS | D8: OSERVIM | E8: TOLVA | F8: TRE 10 M³ A 12 M³ INOX | G8: V.WAGEN | H8: 32360 | I8: 38098 | J8: 14900000 | K8: 1 | L8: 5 | M8: OK | N8: 44685 | O8: 1 | P8: OK | Q8: - | R8: OK | S8: 2 | T8: OK | U8: 4.5 | V8: OK | W8: 4.5 | X8: OK | Y8: 1 | Z8: OK | AA8: 1 | AB8: OK | AC8: 1 | AD8: BEZARES | AE8: SI | AF8: Bezares 80 | AG8: SI | AH8: Hyva 157-4 | AI8: guia 2623 Hyva | BB8: 3 GL | BC8: PLANTA | BD8: PLANTA
A9: Entregada | B9: 1338 | C9: CENTRO EQUIPOS | D9: OSERVIM | E9: TOLVA | F9: TRE 10 M³ A 12 M³ INOX | G9: V.WAGEN | H9: 32360 | I9: 37971 | J9: 14900000 | K9: 1 | L9: 5 | M9: OK | N9: 44686 | O9: 1 | P9: OK | Q9: - | R9: OK | S9: 2 | T9: OK | U9: 3.5 | V9: OK | W9: 4.5 | X9: OK | Y9: 1 | Z9: OK | AA9: 1 | AB9: OK | AC9: 1 | AD9: BEZARES | AE9: SI | AF9: Bezares 80 | AG9: SI | AH9: Hyva 157-4 | AI9: guia 2623 Hyva | BB9: 3 GL | BC9: PLANTA | BD9: PLANTA
A10: Entregada | B10: 1363 | C10: ETP | D10: TRANSERIK | E10: TOLVA | F10: TPI 16 M³ A 17 M³ | G10: VOLVO | H10: VM 330 | I10: 180538 | J10: 12000000 | K10: 1 | L10: 3 | M10: OK | N10: 44670 | O10: 1 | P10: OK | Q10: - | R10: OK | S10: 2 | T10: OK | U10: 2 | V10: OK | W10: 2.5 | X10: OK | Y10: 1 | Z10: OK | AA10: 1 | AB10: OK | AC10: 1 | AD10: INCORPORADO | AE10: SI | AF10: Bezares 100 | AG10: SI | AH10: Hyva 157-4 | AI10: guia 2623 Hyva | BB10: 3 GL | BC10: PLANTA | BD10: PLANTA
A11: Entregada | B11: 1410 | C11: ETP | D11: TRANSERIK | E11: TOLVA | F11: TPI 16 M³ A 17 M³ | G11: VOLVO | H11: VM 330 | I11: 180539 | J11: 12000000 | K11: 1 | L11: 3 | M11: OK | N11: 44671 | O11: 1 | P11: OK | Q11: - | R11: OK | S11: 2 | T11: OK | U11: 3 | V11: OK | W11: 4 | X11: OK | Y11: 1.5 | Z11: OK | AA11: 1 | AB11: OK | AC11: 1 | AD11: INCORPORADO | AE11: SI | AF11: Bezares 100 | AG11: SI | AH11: Hyva 157-4 | AI11: guia 2623 Hyva | BB11: 3 GL | BC11: PLANTA | BD11: PLANTA
A12: Entregada | B12: 1352 | C12: ETP | D12: DIFOR | E12: TOLVA | F12: TPI 14 A 15 M³ | G12: V.WAGEN | H12: 32360 | I12: 11202 | J12: 10400000 | K12: 1 | L12: 4 | M12: OK | N12: 44680 | O12: 1 | P12: OK | Q12: - | R12: OK | S12: 2 | T12: OK | U12: 2.5 | V12: OK | W12: 2.5 | X12: OK | Y12: 1 | Z12: OK | AA12: 1 | AB12: OK | AC12: 1 | AD12: BEZARES | AE12: SI | AF12: Bezares 80 | AG12: SI | AH12: Hyva 137-3 | AI12: guia 20.04.2022 | BB12: NARANJO | BC12: PLANTA | BD12: PLANTA
A13: Entregada | B13: 1408 | C13: ETP | D13: CECOR | E13: TOLVA | F13: TPI 12 M³ A 14 M³ | G13: V.WAGEN | H13: 31360 | I13: 10654 | J13: 11000000 | K13: 1 | L13: 4 | M13: OK | N13: 44678 | O13: 1 | P13: OK | Q13: - | R13: OK | S13: 1.5 | T13: OK | U13: 2 | V13: OK | W13: 2.5 | X13: OK | Y13: 1 | Z13: OK | AA13: 1 | AB13: OK | AC13: 1 | AD13: BEZARES | AE13: SI | AF13: Bezares 80 | AG13: SI | AH13: Hyva 137-3 | AI13: guia 20.04.2022 | BB13: 3 GL | BC13: PLANTA | BD13: PLANTA
A14: Entregada | B14: 1409 | C14: ETP | D14: CECOR | E14: TOLVA | F14: TPI 12 M³ | G14: V.WAGEN | H14: 26280 | I14: 10964 | J14: 11000000 | K14: 1 | L14: 5 | M14: OK | N14: 44684 | O14: 1 | P14: OK | Q14: - | R14: OK | S14: 1.5 | T14: OK | U14: 2 | V14: OK | W14: 3 | X14: OK | Y14: 1 | Z14: OK | AA14: 1 | AB14: OK | AC14: 1 | AD14: FALTA CAMION | AF14: Bezares 80 | AG14: SI | AH14: BINOTTO 1494 | BB14: 3 GL | BC14: PLANTA | BD14: PLANTA
A15: Entregada | B15: 1376 | C15: CENTRO EQUIPOS | D15: DOCAL | E15: TOLVA | F15: TPI 14 M³ + PUERTA MINERA | G15: VOLVO | H15: VM 330 | I15: 181167 | J15: 13700000 | K15: 1 | L15: 4 | M15: OK | N15: 44677 | O15: 1 | P15: OK | Q15: - | R15: OK | S15: 2 | T15: OK | U15: 2 | V15: OK | W15: 2.5 | X15: OK | Y15: 1 | Z15: OK | AA15: 1 | AB15: OK | AC15: 1 | AD15: INCORPORADO | AE15: SI | AF15: Bezares 100 | AG15: SI | AH15: Hyva 137-3 | AI15: guia 2647 Hyva | BB15: 3 GL | BC15: PLANTA | BD15: PLANTA
A16: Entregada | B16: 1375 | C16: ETP | D16: EQUIPOS Y CAMIONES | E16: ALJIBE | F16: 20 M³ AGUA INDUSTRIAL | G16: V.WAGEN | H16: 31330 | I16: 47577 | J16: 19000000 | K16: 1 | L16: 3 | M16: OK | N16: 44671 | O16: 1 | P16: OK | Q16: - | R16: OK | S16: 1 | T16: OK | U16: 5.5 | V16: OK | W16: 4 | X16: OK | Y16: 1 | Z16: OK | AA16: 4 | AB16: OK | AC16: 2 | AD16: POR DEFINIR | AE16: SI | AF16: POR DEFINIR | AG16: SI | AK16: SI | AL16: SI | BB16: 4 GL. | BC16: PLanta | BD16: PLANTA
A17: Entregada | B17: 1202 | C17: ETP | D17: ALCANT. CONDOR | E17: ATMOSFERICO | F17: 20 + 3 | G17: VOLVO | H17: VM 330 | I17: 175514 | J17: 37990000 | K17: 1 | L17: 5 | M17: OK | N17: 44684 | O17: 1 | P17: OK | Q17: - | R17: OK | S17: - | T17: OK | U17: 4 | V17: OK | W17: 9.5 | X17: OK | Y17: 2.5 | Z17: OK | AA17: 19 | AB17: OK | AC17: 2.5
A18: Entregada | B18: 1424 | C18: ETP | D18: PORSCHE / TRANSP. LLAIMA | E18: TOLVA | F18: TOLVA TPI 15 M³ + KIT DE ARRASTRE + KIT HIDR. | G18: V.WAGEN | H18: 32360 | I18: 2784 | J18: 13950000 | K18: 1 | L18: 3 | M18: OK | N18: 44672 | O18: 1 | P18: OK | Q18: - | R18: OK | S18: 2 | T18: OK | U18: 2 | V18: OK | W18: 5.5 | X18: OK | Y18: 1 | Z18: OK | AA18: 1 | AB18: OK | AC18: 1 | AD18: BEZARES | AE18: SI | AF18: Bezares 80 | AG18: SI | AH18: Hyva 137-3 | AI18: guia 2647 Hyva | BB18: 3 GL | BD18: PLANTA
A19: Entregada | B19: 1377 | C19: CENTRO EQUIPOS | D19: DOCAL | E19: TOLVA | F19: TPI 14 M³ + PUERTA MINERA | G19: VOLVO | H19: VM 330 | I19: 181243 | J19: 13700000 | K19: 1 | L19: 4 | M19: OK | N19: 44678 | O19: 1 | P19: OK | Q19: - | R19: OK | S19: 2 | T19: OK | U19: 2.5 | V19: OK | W19: 3.5 | X19: OK | Y19: 1 | Z19: OK | AA19: 1 | AB19: OK | AC19: 1 | AD19: INCORPORADO | AE19: SI | AF19: Bezares 100 | AG19: SI | AH19: Hyva 137-3 | AI19: guia 2647 Hyva | BD19: PLANTA
A20: Entregada | B20: 1374 | C20: ETP | D20: VOLVO / ALVARO VILLEGA | E20: CARROCERIA MINERA | F20: 6.300x2.600x4x500 + PIÑAS | G20: VOLVO | H20: VM 330 | I20: 180880 | J20: 6500000 | K20: 1 | L20: 5 | M20: OK | N20: 44687 | O20: 1 | P20: OK | Q20: - | R20: OK | S20: 1.5 | T20: OK | U20: 2 | V20: OK | W20: 3.5 | X20: OK | Y20: 1 | Z20: - | AA20: - | AB20: OK | AC20: 1 | BB20: 2 GL | BC20: PLANTA | BD20: PLANTA
A21: Entregada | B21: 1246 | C21: CENTRO EQUIPOS | D21: BESALCO | E21: LUBRICADOR | F21: PLATAFORMA LUBRICADOR | G21: VOLVO | H21: VM 330 | I21: - | J21: 42500000 | K21: 1 | L21: 3 | M21: OK | N21: 44665 | O21: 1 | P21: OK | Q21: - | R21: OK | S21: 2 | T21: OK | U21: - | V21: OK | W21: - | X21: OK | Y21: - | Z21: OK | AA21: - | AB21: OK | AC21: - | BD21: PLANTA
P23: - | R23: - | T23: - | V23: - | X23: - | Z23: - | AB23: -
P24: - | R24: - | T24: - | V24: - | X24: - | Z24: - | AB24: -
P25: - | R25: - | T25: - | V25: - | X25: - | Z25: - | AB25: -
P26: - | R26: - | T26: - | V26: - | X26: - | Z26: - | AB26: -
P27: - | R27: - | T27: - | V27: - | X27: - | Z27: - | AB27: -
P28: - | R28: - | T28: - | V28: - | X28: - | Z28: - | AB28: -
P29: - | R29: - | T29: - | V29: - | X29: - | Z29: - | AB29: -
P30: - | R30: - | T30: - | V30: - | X30: - | Z30: - | AB30: -
P31: - | R31: - | T31: - | V31: - | X31: - | Z31: - | AB31: -
P32: - | R32: - | T32: - | V32: - | X32: - | Z32: - | AB32: -
P33: - | R33: - | T33: - | V33: - | X33: - | Z33: - | AB33: -
P34: - | R34: - | T34: - | V34: - | X34: - | Z34: - | AB34: -
C36: Mix de Producto | E36: Cliente Interno | H36: Total equipo Abril | I36: =SUM(O2:O34) -> 20 | J36: =SUM(J2:J34) -> 313810000 | K36: =SUM(P36:AB36) -> 1 | P36: 0.03 | R36: 0.1 | T36: 0.3 | V36: 0.3 | X36: 0.1 | Z36: 0.12 | AB36: 0.05
C37: ALJIBE | D37: =SUMIF($E$2:$E$34,C37,$O$2:$O$34) -> 1 | E37: ETP | F37: =SUMIF($C$2:$C$34,E37,$O$2:$O$38) -> 12 | M37: Equipo Fab. hasta
C38: ATMOSFERICO | D38: =SUMIF($E$2:$E$34,C38,$O$2:$O$34) -> 1 | E38: CENTRO EQUIPOS | F38: =SUMIF($C$2:$C$34,E38,$O$2:$O$38) -> 8 | H38: Equ. Fab. Y Facturado | J38: =SUMIF(K2:K34,K38,J2:J34) -> 313810000 | K38: 1 | N38: =SUMIF($K$2:$K$34,K38,$O$2:$O$34) -> 20
C39: CARROCERIA MINERA | D39: =SUMIF($E$2:$E$34,C39,$O$2:$O$34) -> 1 | H39: Equ. Facturado semanal | I39: 04/04 a 08/04 | J39: =SUMIF($L$2:$L$34,K39,$J$2:$J$34) -> 9800000 | K39: 1
C40: COMBUSTIBLE | D40: =SUMIF($E$2:$E$34,C40,$O$2:$O$34) -> 0 | E40: 1 | H40: Equ. Facturado semanal | I40: 11/04 a 15/04 | J40: =SUMIF($L$2:$L$34,K40,$J$2:$J$34) -> 31470000 | K40: 2
C41: COMBUSTIBLE AVIACION | D41: =SUMIF($E$2:$E$34,C41,$O$2:$O$34) -> 0 | H41: Equ. Facturado semanal | I41: 18/04 a 22/04 | J41: =SUMIF($L$2:$L$34,K41,$J$2:$J$34) -> 118950000 | K41: 3
C42: LUBRICADOR | D42: =SUMIF($E$2:$E$34,C42,$O$2:$O$34) -> 1 | H42: Equ. Facturado semanal | I42: 25/04 a 30/04 | J42: =SUMIF($L$2:$L$34,K42,$J$2:$J$34) -> 68300000 | K42: 4
C43: TOLVA | D43: =SUMIF($E$2:$E$34,C43,$O$2:$O$34) -> 16 | H43: Equ. Facturado semanal | I43: 02/05 a 07/05 | J43: =SUMIF($L$2:$L$34,K43,$J$2:$J$34) -> 85290000 | K43: 5
C46: Total | D46: =SUM(D37:D45) -> 20 | E46: Total | F46: =SUM(F37:F45) -> 20
A47: Observaciones | I47: Atrasos por Areas | J47: Motivos de Atrasos
A48: 44652 | B48: Vie | C48: Ausencia de personal en armardo (Paolo Suetta y Sylvestre) | I48: AR-A | J48: AP
A49: 44652 | B49: Vie | C49: Ausencia de personal en Montaje (Nelson Moraga Afecta avance en OT 1250) | I49: MON-A | J49: AP
A50: 44652 | B50: Vie | C50: Falta de material atrasa fabricacion (Acero) | I50: CP-A | J50: FMAT
A51: =+A48+1 -> 44653 | B51: Sab
A52: =+A51+1 -> 44654 | B52: Dom
A53: =+A52+1 -> 44655 | B53: Lun | C53: Ausencia de personal en armardo (Gustavo Vega) | I53: AR-A | J53: AP
A54: 44655 | B54: Lun | C54: Ausencia de personal en Montaje (Carlos Galdames Afecta avance en OT 1336) | I54: MON-A | J54: AP
A55: 44655 | B55: Lun | C55: Ausencia de personal en maquina (Fredy Morales Afecta produccion en general) | I55: CP-A | J55: AP
A56: 44656 | B56: Lun | C56: 2 Cuadrilla de armado detenida por cambio de prioridad en maquina y falta de material (Acero) | I56: AR-A | J56: FMAT
A57: =+A53+1 -> 44656 | B57: Mar | C57: se detiene OT 1363 y 1410 por cambio de prioridad | I57: CP-A | J57: CAP
A58: 44657 | B58: Mie | C58: Ausencia de personal en armardo (Rene Polo) | I58: AR-A | J58: AP
A59: 44657 | B59: Mie | C59: OT 1192 se detiene por cambio de prioridad | I59: AR-A | J59: CAP
A60: 44657 | B60: Mie | C60: OT 1191 se detiene por cambio de prioridad | I60: MON-A | J60: CAP
A61: 44657 | B61: Mie | C61: Reproceso en ot 1335 por mal cierre de puerta | I61: MON-A | J61: REP
A62: =+A57+1 -> 44657 | B62: Mie | C62: Atraso en el area de montaje por falta de camiones | I62: MON-A | J62: SC
A63: =+A62+1 -> 44658 | B63: Jue | C63: Ausencia de personal en Montaje (Nelson Moraga) Afecta avance ot 1378 | I63: MON-A | J63: AP
A64: 44658 | B64: Jue | C64: Atraso en el area de montaje por reproceso en OT 1335 y 1336 | I64: MON-A | J64: REP
A65: 44658 | B65: Jue | C65: Atraso en el area de montaje por falta de comion para ot 1378 y se asigna estanque a ot 1375 | I65: MON-A | J65: CAP
A66: 44658 | B66: Jue | C66: Atraso en Ingenieria por cambio de prioridad | I66: ING-A | J66: CAP
A67: 44658 | B67: Jue | C67: Atraso en corte y plegado por cambio de prioridad | I67: CP-A | J67: CAP
A68: =A63+1 -> 44659 | B68: Vie | C68: Ausencia de personal Nelson Moraga por licencia medica | I68: MON-A | J68: AP
A69: 44659 | B69: Vie | C69: Falla en yale | J69: FM
A70: =+A68+1 -> 44660 | B70: Sab
A71: =+A70+1 -> 44661 | B71: Dom
A72: =+A71+1 -> 44662 | B72: Lun | C72: Atraso en la produccion por falta de materia prima procesada | I72: AR-A | J72: FMAT
A73: 44662 | B73: Lun | C73: Atraso en el area de montaje por falta de camiones | I73: MON-A | J73: SC
A74: 44662 | B74: Lun | C74: Atraso en OT 1202 por falta de componentes hidraulicos | I74: HID-A | J74: FMAT
A75: =+A72+1 -> 44663 | B75: Mar | C75: Ausencia de personal Rene Polo por licencia medica POR 5 DIAS | I75: AR-A | J75: AP
A76: 44663 | B76: Mar | C76: Atraso en montaje por cambio de prioridad por camion de OT 973 a 1364 | I76: MON-A | J76: CAP
A77: 44663 | B77: Mar | C77: Atraso en la produccion por falta de materia prima procesada | I77: AR-A | J77: FMAT
A78: 44663 | B78: Mar | C78: Atraso en OT 1202 por falta de componentes hidraulicos | I78: HID-A | J78: FMAT
A79: =+A75+1 -> 44664 | B79: Mie
A80: 44664 | B80: Mie
A81: 44664 | B81: Mie
A82: =+A79+1 -> 44665 | B82: Jue | C82: Ausencia de personal en Montaje (Jonathan Escudero) | I82: MON-A | J82: AP
A83: 44665 | B83: Jue | C83: Atraso en el area de armado por movimientos con el yale | I83: AR-A | J83: ET
A84: 44665 | B84: Jue | C84: Atraso en area de montaje por falta de personal de planos | I84: MON-A | J84: ET
A85: =+A82+1 -> 44666 | B85: Vie
A86: =+A85+1 -> 44667 | B86: Sab
A87: =+A86+1 -> 44668 | B87: Dom
A88: =+A87+1 -> 44669 | B88: Lun | C88: Ausencia de personal en armardo (Paolo Suetta) Vacaciones | I88: AR-A | J88: AP
A89: 44669 | B89: Lun | C89: Ausencia de personal en montaje (Sergio Manque) | I89: MON-A | J89: AP
A90: 44669 | B90: Lun | C90: Ausencia de personal en montaje (Luis Chauca) | I90: MON-A | J90: AP
A91: 44669 | B91: Lun | C91: Ausencia de personal en montaje (Nelson Moraga) Licencia medica | I91: MON-A | J91: AP
A92: 44669 | B92: Lun | C92: Ausencia de personal en montaje (Moises Busto) Medio dia | I92: MON-A | J92: AP
A93: =+A88+1 -> 44670 | B93: Mar | C93: Medio dia 2 cuadrilla parada por falta de material procesado | I93: AR-A | J93: FMAT
A94: 44670 | B94: Mar | C94: Ausencia de personal en montaje (Nelson Moraga) Licencia medica | I94: MON-A | J94: AP
A95: 44670 | B95: Mar | C95: Carlos Galdames ausente medio dia por vacunacion | I95: MON-A | J95: AP
A96: =+A93+1 -> 44671 | B96: Mie | C96: Medio dia 1 cuadrilla parada por falta de mterial procesado | I96: AR-A | J96: FMAT
A97: =+A94+1 -> 44671 | B97: Mie
A98: =+A95+1 -> 44671 | B98: Mie
A99: =+A96+1 -> 44672 | B99: Jue
A100: =+A99+1 -> 44673 | B100: Vie | C100: Atraso por Falta de soldadura inoxidable | I100: AR-A | J100: FMAT
A101: =+A100+1 -> 44674 | B101: Sab
A102: =+A101+1 -> 44675 | B102: Dom
A103: =+A102+1 -> 44676 | B103: Lun | C103: Se detiene OT 1403 Lubricador de techin por falta de acero Plancha en 4mm | I103: CP-A | J103: FMAT
A104: 44676 | B104: Lun | C104: Una cuadrilla de 3 persona se escuentra trabjando en JET A1 Reproceso. | I104: MON-A | J104: REP
...

Sheet MAY-22
A1: Prioridad | B1: OT | C1: Cliente Interno | D1: Cliente | E1: Equipo | F1: Modelo/Capacidad | G1: Camion | H1: Modelo | I1: Vin / Patente | J1: VALOR NETO | K1: % | L1: SM | N1: Fecha | P1: INGENIERIA | Q1: Dia | R1: CORTE Y PLEGADO | S1: Dia | T1: ARMADO | U1: Dia | V1: MONTAJE | W1: Dia | X1: PINTURA | Y1: Dia | Z1: HIDRAULICA | AA1: Dia | AB1: TERMINACIONES | AC1: Dia | AD1: PTO | AE1: STOCK | AF1: BBA H | AG1: STOCK | AH1: CILINDRO | AI1: STOCK | AJ1: DERIVADORA | AK1: MOTOR H | AL1: BBA CENT. | AM1: BBA VACIO | AN1: Bomba Comb. | AO1: Stock | AP1: Cuenta Litro | AQ1: Stock | AR1: Kit Combustible | AS1: Stock | AT1: Carrete | AU1: Stock | AV1: Manguera | AW1: Stock | AX1: Pistola | AY1: Stock | AZ1: Microfiltro | BA1: STOCK | BB1: Pintura | BC1: Stock | BD1: Acero
A2: Entregado | B2: 1314 | C2: CENTRO EQUIPOS | D2: VOLVO | E2: TOLVA | F2: TFR 25 M³ | G2: VOLVO | H2: FMX | I2: 917235 | J2: 19500000 | K2: 1 | L2: 4 | M2: OK | N2: 44707 | O2: 1 | P2: OK | Q2: - | R2: OK | S2: 2 | T2: OK | U2: 5 | V2: OK | W2: 5.5 | X2: OK | Y2: 1.5 | Z2: OK | AA2: 1.5 | AB2: OK | AC2: 1.5 | AD2: INCORPORADO | AE2: SI | AF2: Bezares 100 | AG2: SI | AH2: Hyva 169-4 | AI2: SI | BB2: 4 GL | BC2: PLANTA | BD2: PLANTA
A3: Entregado | B3: 1315 | C3: CENTRO EQUIPOS | D3: VOLVO | E3: TOLVA | F3: TFR 25 M³ | G3: VOLVO | H3: FMX | I3: 917234 | J3: 19500000 | K3: 1 | L3: 4 | M3: OK | N3: 44708 | O3: 1 | P3: OK | Q3: - | R3: OK | S3: 2 | T3: OK | U3: 4 | V3: OK | W3: 6.5 | X3: OK | Y3: 1.5 | Z3: OK | AA3: 1.5 | AB3: OK | AC3: 1.5 | AD3: INCORPORADO | AE3: SI | AF3: Bezares 100 | AG3: SI | AH3: Hyva 169-4 | AI3: SI | BB3: 4 GL | BC3: PLANTA | BD3: PLANTA
A4: Entregado | B4: 1370 | C4: CENTRO EQUIPOS | D4: VOLVO | E4: TOLVA | F4: TPI 14 A 15 M³ | G4: VOLVO | H4: VM 330 | I4: 181342 | J4: 14700000 | K4: 1 | L4: 2 | M4: OK | N4: 44692 | O4: 1 | P4: OK | Q4: - | R4: OK | S4: 1 | T4: OK | U4: 3 | V4: OK | W4: 2.5 | X4: OK | Y4: 1 | Z4: OK | AA4: 1 | AB4: OK | AC4: 1 | AD4: INCORPORADO | AE4: SI | AF4: Bezares 100 | AG4: SI | AH4: Hyva 137-3 | AI4: SI | BB4: 3 GL | BC4: PLANTA | BD4: PLANTA
A5: Entregado | B5: 1428 | C5: ETP | D5: KAUFMANN | E5: TOLVA | F5: TRE 12 A 14 M³ | G5: M.BENZ | H5: 3131 | I5: 246323 | J5: 12000000 | K5: 1 | L5: 5 | M5: OK | N5: 44711 | O5: 1 | P5: OK | Q5: - | R5: OK | S5: 1.5 | T5: OK | U5: 2 | V5: OK | W5: 4 | X5: OK | Y5: 1 | Z5: OK | AA5: 1.5 | AB5: OK | AC5: 1 | AD5: FALTA CAMION | AF5: Bezares 80 | AG5: SI | AH5: Hyva 137-4 | AI5: SI | BB5: 3 GL | BC5: PLANTA | BD5: PLANTA
A6: Entregado | B6: 1316 | C6: CENTRO EQUIPOS | D6: VOLVO | E6: TOLVA | F6: TFR 25 M³ | G6: VOLVO | H6: FMX | I6: 917241 | J6: 25300000 | K6: 1 | L6: 5 | M6: OK | N6: 44715 | O6: 1 | P6: OK | Q6: - | R6: OK | S6: 2 | T6: OK | U6: 4.5 | V6: OK | W6: 6 | X6: OK | Y6: 1 | Z6: OK | AA6: 2 | AB6: OK | AC6: 1.5 | AD6: INCORPORADO | AE6: SI | AF6: Bezares 100 | AG6: SI | AH6: Hyva 157-4 | AI6: SI | BB6: 4 GL | BC6: PLANTA | BD6: PLANTA
A7: Entregado | B7: 1281 | C7: CENTRO EQUIPOS | D7: SCANIA | E7: TOLVA | F7: TFR 25 M³ | G7: SCANIA | H7: G500B | I7: 4011931 | J7: 31330000 | K7: 1 | L7: 5 | M7: OK | N7: 44716 | O7: 1 | P7: OK | Q7: - | R7: OK | S7: 1.5 | T7: OK | U7: 3.5 | V7: OK | W7: 5 | X7: OK | Y7: 1 | Z7: OK | AA7: 2 | AB7: OK | AC7: 1 | AD7: FALTA CAMION | AF7: Bezares 80 | AG7: SI | AH7: Hyva 157-4 | AI7: SI | BB7: 4 GL | BC7: PLANTA | BD7: PLANTA
A8: Entregado | B8: 1427 | C8: ETP | D8: PORSCHE | E8: TOLVA | F8: TPI 15 M³ + GANCHO DE TIRO | G8: V.WAGEN | H8: 32360 | I8: 2934 | J8: 14130000 | K8: 1 | L8: 2 | M8: OK | N8: 44693 | O8: 1 | P8: OK | Q8: - | R8: OK | S8: 1 | T8: OK | U8: 2.5 | V8: OK | W8: 3 | X8: OK | Y8: 1 | Z8: OK | AA8: 1 | AB8: OK | AC8: 1.5 | AD8: BEZARES | AE8: SI | AF8: Bezares 80 | AG8: SI | AH8: Hyva 137-3 | AI8: SI | BB8: 3 GL | BC8: PLANTA | BD8: PLANTA
A9: Entregado | B9: 1353 | C9: ETP | D9: DIFOR | E9: TOLVA | F9: TPI 14 A 15 M³ | G9: V.WAGEN | H9: 32360 | I9: 11237 | J9: 14700000 | K9: 1 | L9: 2 | M9: OK | N9: 44694 | O9: 1 | P9: OK | Q9: - | R9: OK | S9: 1 | T9: OK | U9: 4 | V9: OK | W9: 2.5 | X9: OK | Y9: 1 | Z9: OK | AA9: 1.5 | AB9: OK | AC9: 1 | AD9: BEZARES | AE9: SI | AF9: Bezares 80 | AG9: SI | AH9: Hyva 137-3 | AI9: SI | BB9: 3 GL | BC9: PLANTA | BD9: PLANTA
A10: Entregado | B10: 1378 | C10: ETP | D10: MAURICIO VALDIVIA | E10: ALJIBE | F10: 20 M³ INOX | G10: VOLVO | H10: VM 330 | I10: 180535 | J10: 26500000 | K10: 1 | L10: 1 | M10: OK | N10: 44687 | O10: 1 | P10: OK | Q10: - | R10: OK | S10: 1 | T10: OK | U10: 6.5 | V10: OK | W10: 5.5 | X10: OK | Y10: - | Z10: OK | AA10: 5 | AB10: OK | AC10: 1 | AD10: INCORPORADO | AE10: SI | AF10: POR DEFINIR | AG10: SI | AH10: Hyva 137-3 | AI10: SI | BB10: 4 GL | BC10: PLANTA | BD10: PLANTA
A11: Entregado | B11: 1270 | C11: CENTRO EQUIPOS | D11: AUTOSUMMIT / T VABA | E11: ALJIBE | F11: 20 M³ INOX | G11: V.WAGEN | H11: 32360 | I11: 3081 | J11: 27550000 | K11: 1 | L11: 2 | M11: OK | N11: 44694 | O11: 1 | P11: OK | Q11: - | R11: OK | S11: 1.5 | T11: OK | U11: 6 | V11: OK | W11: 4.5 | X11: OK | Y11: 1 | Z11: OK | AA11: 4 | AB11: OK | AC11: 1.5 | AD11: BEZARES | AE11: SI | AF11: POR DEFINIR | AG11: SI | AH11: --------------- | BB11: 4 GL | BC11: PLANTA | BD11: PLANTA
A12: Entregado | B12: 1262 | C12: CENTRO EQUIPOS | D12: LAURO RIOS | E12: CARROCERIA MINERA | F12: 6.300x2.600x4x500 + PIÑAS | G12: V.WAGEN | H12: 32360 | I12: 32309 | J12: 6600000 | K12: 1 | L12: 2 | M12: OK | N12: 44693 | O12: 1 | P12: OK | Q12: - | R12: OK | S12: 1 | T12: OK | U12: 2 | V12: OK | W12: 3 | X12: OK | Y12: 1 | Z12: OK | AA12: - | AB12: OK | AC12: 1 | AD12: SIN T/F | AE12: -------------- | AF12: -------------- | AG12: -------------- | AH12: --------------- | BB12: 2 GL | BC12: PLANTA | BD12: PLANTA
A13: Entregado | B13: 973 | C13: CENTRO EQUIPOS | D13: MAESTRANZA ALEMANIA | E13: COMBUSTIBLE | F13: 20 M³ AF | G13: M.BENZ | H13: 3342 | I13: 531846 | J13: 64000000 | K13: 1 | L13: 5 | M13: OK | N13: 44755 | O13: 1 | P13: OK | Q13: - | R13: OK | S13: 1 | T13: OK | U13: 8.5 | V13: OK | W13: 15 | X13: OK | Y13: 3 | Z13: OK | AA13: - | AB13: OK | AC13: - | AD13: BEZARES | AE13: SI | AF13: POR DEFINIR | AG13: SI | AH13: --------------- | AN13: 4" | AO13: PLANTA | AP13: m25 - m10 | AQ13: PLANTA | AR13: valvulas | AS13: PLANTA | AT13: 1"-11/2" - 21/2" | AU13: PLANTA | AV13: 1" - 11/2" - 21/2" | AW13: PLANTA | AX13: 1" - 11/2" . - VR 300 | AY13: SOLICITADA | AZ13: 300 glp | BA13: SOLICITADA | BB13: 4 GL | BC13: PLANTA | BD13: PLANTA
A14: Entregado | B14: 1137 | C14: CENTRO EQUIPOS | D14: OSERVIM | E14: ALJIBE | F14: 20 M³ INOX | G14: V.WAGEN | H14: 32360 | I14: 38062 | J14: 16200000 | K14: 1 | L14: 4 | M14: OK | N14: 44708 | O14: 1 | P14: OK | Q14: - | R14: OK | S14: 1 | T14: OK | U14: 5 | V14: OK | W14: 4 | X14: OK | Y14: 1 | Z14: OK | AA14: 4 | AB14: OK | AC14: 3 | AF14: POR DEFINIR | AG14: SI | AH14: --------------- | BB14: 4 GL | BC14: PLANTA | BD14: PLANTA
A15: Entregado | B15: 1326 | C15: CENTRO EQUIPOS | D15: SALFA | E15: COMBUSTIBLE | F15: 3 M³ MINERO | G15: CHEVROLET | H15: NPR 816 | I15: 7101292 | J15: 22000000 | K15: 1 | L15: 5 | M15: OK | N15: 44729 | O15: 1 | P15: OK | Q15: - | R15: OK | S15: 1 | T15: OK | U15: 6 | V15: OK | W15: 6.5 | X15: OK | Y15: - | Z15: OK | AA15: 13 | AB15: OK | AC15: 2 | AD15: FALTA CAMION | AF15: POR DEFINIR | AG15: SI | AH15: --------------- | AN15: BLACKMER 21/2 | AO15: SOLICITADO | AP15: M7 LIQUID CONTROL | AQ15: SOLICITADO | AR15: VALVULAS | AS15: PLANTA | AT15: 11/2 - 1" IPT | AU15: PLANTA | AV15: 15 MT 1" 15 MTS 11/2 | AW15: SOLICITADO | AX15: FLOMAX 11/2 - OPW 1" | AY15: SOLICITADO | AZ15: NO | BA15: ---------- | BB15: 2 GL | BC15: DEFINIR | BD15: PLANTA
A16: Entregado | B16: 1265 | C16: CENTRO EQUIPOS | D16: BESALCO | E16: COMBUSTIBLE | F16: 15 M³ | G16: INTERNATIONAL | H16: 7600 | I16: GKPH-94 | J16: 22400000 | K16: 1 | L16: 1 | M16: OK | N16: 44719 | O16: 1 | P16: OK | Q16: - | R16: OK | S16: 1.5 | T16: OK | U16: 8 | V16: OK | W16: 10 | X16: OK | Y16: 2 | Z16: OK | AA16: 15 | AB16: OK | AC16: 5 | AD16: INCORPORADO | AE16: SI | AF16: POR DEFINIR | AG16: SI | AH16: --------------- | AN16: IPT 2" | AO16: PLANTA | AP16: M5 | AQ16: SOLICITADO | AR16: valvulas | AS16: PLANTA | AT16: 9039 PTO | AU16: SI | AV16: 11/2 X 15 MTS | AW16: SOLICITADO | AX16: OPW 11/2 | AY16: SOLICITADO | AZ16: SEPARADOR DE AGUA | BA16: SOLICITADO | BB16: GRIS | BC16: PLANTA | BD16: PLANTA
A17: Entregado | B17: 1369 | C17: ETP | D17: SACYR | E17: ATMOSFERICO | F17: 18 M³ + 2M³ | G17: V.WAGEN | H17: 32360 | I17: 21096 | J17: 42950000 | K17: 1 | L17: 5 | M17: OK | N17: 44749 | O17: 1 | P17: OK | Q17: - | R17: OK | S17: 1.5 | T17: OK | U17: 10 | V17: OK | W17: 7.5 | X17: OK | Y17: - | Z17: OK | AA17: - | AB17: OK | AC17: - | AD17: BEZARES | AE17: SI | AF17: POR DEFINIR | AG17: SI | AH17: --------------- | BB17: 4 GL | BC17: PLANTA | BD17: PLANTA
A18: Entregado | B18: 1327 | C18: CENTRO EQUIPOS | D18: CARMONA | E18: ALJIBE | F18: 20 M³ | G18: V.WAGEN | H18: 32360 | I18: 44024 | J18: 22500000 | K18: 1 | L18: 5 | M18: OK | N18: 44713 | O18: 1 | P18: OK | Q18: - | R18: OK | S18: 1 | T18: OK | U18: 4.5 | V18: OK | W18: 4.5 | X18: OK | Y18: 2 | Z18: OK | AA18: 6 | AB18: OK | AC18: 3 | BB18: 4 GL | BC18: PLANTA | BD18: PLANTA
A19: Entregado | B19: 1354 | C19: ETP | D19: DIFOR | E19: TOLVA | F19: TPI 14 A 15 M³ | G19: V.WAGEN | H19: 32360 | I19: 11601 | J19: 14700000 | K19: 1 | L19: 4 | M19: OK | N19: 44706 | O19: 1 | P19: OK | Q19: - | R19: OK | S19: 1.5 | T19: OK | U19: 4 | V19: OK | W19: 3 | X19: OK | Y19: 1 | Z19: OK | AA19: 1 | AB19: OK | AC19: 1 | BB19: 3 GL | BC19: PLANTA | BD19: PLANTA
A20: Entregado | B20: 1432 | C20: ETP | D20: EQUIP. Y CAM. / TRANSP. ARANCIBIA | E20: CARROCERIA MINERA | F20: 4.700x2.300x500 | G20: HINO | H20: XZU 616 | I20: 6635 | J20: 3570000 | K20: 1 | L20: 5 | M20: OK | N20: 44713 | O20: 1 | P20: OK | Q20: - | R20: OK | S20: 1 | T20: OK | U20: 1.5 | V20: OK | W20: 1.5 | X20: OK | Y20: 1 | Z20: OK | AA20: - | AB20: OK | AC20: 1 | BB20: 2 GL | BC20: PLANTA | BD20: PLANTA
A21: Entregado | B21: 1433 | C21: ETP | D21: EQUIP. Y CAM. / TRANSP. ARANCIBIA | E21: CARROCERIA MINERA | F21: 6.300x2.400x500 | G21: HINO | H21: FC 1118 | I21: 11450 | J21: 4990000 | K21: 1 | L21: 5 | M21: OK | N21: 44715 | O21: 1 | P21: OK | Q21: - | R21: OK | S21: 1 | T21: OK | U21: 2 | V21: OK | W21: 2 | X21: OK | Y21: 1 | Z21: OK | AA21: - | AB21: OK | AC21: 1 | BB21: 2 GL | BC21: PLANTA | BD21: PLANTA
P22: - | Q22: - | R22: - | S22: - | T22: - | U22: - | V22: - | W22: - | X22: - | Y22: - | Z22: - | AA22: - | AB22: - | AC22: -
P23: - | Q23: - | R23: - | S23: - | T23: - | U23: - | V23: - | W23: - | X23: - | Y23: - | Z23: - | AA23: - | AB23: - | AC23: -
P24: - | Q24: - | R24: - | S24: - | T24: - | U24: - | V24: - | W24: - | X24: - | Y24: - | Z24: - | AA24: - | AB24: - | AC24: -
P25: - | Q25: - | R25: - | S25: - | T25: - | U25: - | V25: - | W25: - | X25: - | Y25: - | Z25: - | AA25: - | AB25: - | AC25: -
P26: - | Q26: - | R26: - | S26: - | T26: - | U26: - | V26: - | W26: - | X26: - | Y26: - | Z26: - | AA26: - | AB26: - | AC26: -
P27: - | Q27: - | R27: - | S27: - | T27: - | U27: - | V27: - | W27: - | X27: - | Y27: - | Z27: - | AA27: - | AB27: - | AC27: -
P28: - | Q28: - | R28: - | S28: - | T28: - | U28: - | V28: - | W28: - | X28: - | Y28: - | Z28: - | AA28: - | AB28: - | AC28: -
P29: - | Q29: - | R29: - | S29: - | T29: - | U29: - | V29: - | W29: - | X29: - | Y29: - | Z29: - | AA29: - | AB29: - | AC29: -
P30: - | Q30: - | R30: - | S30: - | T30: - | U30: - | V30: - | W30: - | X30: - | Y30: - | Z30: - | AA30: - | AB30: - | AC30: -
P31: - | Q31: - | R31: - | S31: - | T31: - | U31: - | V31: - | W31: - | X31: - | Y31: - | Z31: - | AA31: - | AB31: - | AC31: -
P32: - | Q32: - | R32: - | S32: - | T32: - | U32: - | V32: - | W32: - | X32: - | Y32: - | Z32: - | AA32: - | AB32: - | AC32: -
P33: - | Q33: - | R33: - | S33: - | T33: - | U33: - | V33: - | W33: - | X33: - | Y33: - | Z33: - | AA33: - | AB33: - | AC33: -
... P40: - | Q40: - | R40: - | S40: - | T40: - | U40: - | V40: - | W40: - | X40: - | Y40: - | Z40: - | AA40: - | AB40: - | AC40: -
C42: Mix de Producto | E42: Cliente Interno | H42: Total equipo Mayo | I42: =SUM(O2:O40) -> 20 | J42: =SUM(J2:J40) -> 425120000 | K42: =SUM(P42:AB42) -> 1 | P42: 0.03 | R42: 0.1 | T42: 0.3 | V42: 0.3 | X42: 0.1 | Z42: 0.12 | AB42: 0.05
C43: ALJIBE | D43: =SUMIF($E$2:$E$41,C43,$O$2:$O$41) -> 4 | E43: ETP | F43: =SUMIF($C$2:$C$41,E43,$O$2:$O$41) -> 8 | M43: Equipo Fab hasta
C44: ATMOSFERICO | D44: =SUMIF($E$2:$E$41,C44,$O$2:$O$41) -> 1 | E44: CENTRO EQUIPOS | F44: =SUMIF($C$2:$C$41,E44,$O$2:$O$41) -> 12 | H44: Equ. Fab. Y Facturado | J44: =SUMIF(K2:K40,K44,J2:J40) -> 425120000 | K44: 1 | N44: =SUMIF($K$2:$K$41,K44,$O$2:$O$41) -> 20
C45: CARROCERIA MINERA | D45: =SUMIF($E$2:$E$41,C45,$O$2:$O$41) -> 3 | H45: Equ. Facturado semanal | I45: 02/05 a 07/05 | J45: =SUMIF($L$2:$L$40,K45,$J$2:$J$40) -> 48900000 | K45: 1
C46: COMBUSTIBLE | D46: =SUMIF($E$2:$E$41,C46,$O$2:$O$41) -> 3 | H46: Equ. Facturado semanal | I46: 09/05 a 14/05 | J46: =SUMIF($L$2:$L$40,K46,$J$2:$J$40) -> 77680000 | K46: 2
C47: COMBUSTIBLE AVIACION | D47: =SUMIF($E$2:$E$41,C47,$O$2:$O$41) -> 0 | H47: Equ. Facturado semanal | I47: 16/05 a 21/05 | J47: =SUMIF($L$2:$L$40,K47,$J$2:$J$40) -> 0 | K47: 3
C48: LUBRICADOR | D48: =SUMIF($E$2:$E$41,C48,$O$2:$O$41) -> 0 | H48: Equ. Facturado semanal | I48: 23/05 a 28/05 | J48: =SUMIF($L$2:$L$40,K48,$J$2:$J$40) -> 69900000 | K48: 4
C49: TOLVA | D49: =SUMIF($E$2:$E$41,C49,$O$2:$O$41) -> 9 | H49: Equ. Facturado semanal | I49: 30/05 a 04/06 | J49: =SUMIF($L$2:$L$40,K49,$J$2:$J$40) -> 228640000 | K49: 5
C51: Total | D51: =SUM(D43:D50) -> 20 | E51: Total | F51: =SUM(F43:F50) -> 20
A52: Observaciones | I52: Atrasos por Areas | J52: Motivos de Atrasos
A53: 44682 | B53: Dom
A54: =+A53+1 -> 44683 | B54: Lun | C54: Medio dia una cuadrilla de 3 persona parada en montaje por falta de equipos para montar | I54: MON-A | J54: ET
A55: =+A54+1 -> 44684 | B55: Mar | C55: OT 1262 se detiene por falta de material (Perfiles) | I55: AR-A | J55: FMAT
A56: 44684 | B56: Mar | C56: Una Cuadrilla en armado parada por falta de material procesado | I56: AR-A | J56: FMAT
A57: =+A55+1 -> 44685 | B57: Mie | C57: Renuncia de de Jorge Rodriguez
A58: 44685 | B58: Mie | C58: Una cuadrilla en armado parada por falta de material procesado | I58: AR-A | J58: ET
A59: =+A57+1 -> 44686 | B59: Jue | C59: Permiso a Gustavo Vega para vacunacion | I59: AR-A | J59: AP
A60: 44686 | B60: Jue | C60: Ausencia de personal area de pintura (Ketnel) | I60: PIN-A | J60: AP
A61: 44686 | B61: Jue | C61: Pintura trabaja en reparacion de estanque de comb. Cliente Mies (Ronald y Cristian) | J61: REP
A62: 44686 | B62: Jue | C62: Medio dia una cuadrilla de 2 persona parada en armado por falta de material procesado | I62: AR-A | J62: FMAT
A63: =+A59+1 -> 44687 | B63: Vie | C63: Permiso a Sebastian Candia | I63: AR-A | J63: AP
A64: 44687 | B64: Vie | C64: Ausencia de personal area de pintura (Ketnel) Licencia medica | I64: PIN-A | J64: AP
A65: 44687 | B65: Vie | C65: Ausencia de personal area de pintura (Ronald Florian) | I65: PIN-A | J65: AP
A66: 44687 | B66: Vie | C66: Ausencia de personal area de Corte y plegado (Hernan Gonzalez) | I66: CP-A | J66: AP
A67: =+A63+1 -> 44688 | B67: Sab
A68: =+A67+1 -> 44689 | B68: Dom
A69: =+A68+1 -> 44690 | B69: Lun | C69: Dos Cuadrilla en montaje medio dia parada por falta de camion | I69: MON-A | J69: SC
A70: 44690 | B70: Lun | C70: Ausencia de personal area de montaje (Luis Chauca) | I70: MON-A | J70: AP
A71: 44690 | B71: Lun | C71: Ausencia de personal area de pintura (Ketnel) Licencia medica | I71: PIN-A | J71: AP
A72: 44690 | B72: Lun | C72: Atraso por falta de camiones | I72: MON-A | J72: SC
A73: =+A69+1 -> 44691 | B73: Mar | C73: Ausencia de personal area de pintura (Ketnel) Licencia medica | I73: PIN-A | J73: AP
A74: 44691 | B74: Mar | C74: Atraso por falta de camiones | I74: MON-A | J74: SC
A75: 44691 | B75: Mar | C75: Personal hidraulico (Gonzalo, Enrique, felipe) y terminaciones (Magdiel) en terreno por capacitacion y entrega de equipo | I75: TMI | J75: AP
A76: =+A73+1 -> 44692 | B76: Mie | C76: Ausencia de personal area de pintura (Ketnel) Licencia medica | I76: PIN-A | J76: AP
A77: 44692 | B77: Mie | C77: Ausencia de personal area de armado (Sylvestre) Licencia medica | I77: AR-A | J77: AP
A78: 44692 | B78: Mie | C78: Atraso en area de armado por falta de material procesado | I78: AR-A | J78: FMAT
A79: 44692 | B79: Mie | C79: Falla en mesa de corte | I79: CP-A | J79: FM
A80: 44692 | B80: Mie | C80: Falla de tecle en area de montaje. | I80: MON-A | J80: FM
A81: =+A76+1 -> 44693 | B81: Jue | C81: Ausencia de personal area de pintura (Ketnel) Licencia medica | I81: PIN-A | J81: AP
A82: 44693 | B82: Jue | C82: Ausencia de personal area de armado (Sylvestre) Licencia medica | I82: AR-A | J82: AP
A83: 44693 | B83: Jue | C83: una Cuadrilla en armado instalando los limones falso a ot 1364 para legar a la tocha del camion | I83: AR-A | J83: REP
A84: =+A81+1 -> 44694 | B84: Vie | C84: Ausencia de personal area de pintura (Ketnel) Licencia medica | I84: PIN-A | J84: AP
A85: 44694 | B85: Vie | C85: Ausencia de personal area de armado (Sylvestre) Licencia medica | I85: AR-A | J85: AP
A86: 44694 | B86: Vie | C86: Atraso en area de corte y plegado por dudas en en planos... Ausente personal de ingenieria para aclarar duda... OT 1178 se detiene | I86: CP-A | J86: ET
A87: 44694 | B87: Vie | C87: Ausencia de personal area de Montaje (Javier Melillan) permiso medico / Medio Dia | I87: MON-A | J87: AP
A88: 44694 | B88: Vie | C88: Personal de pintura parado por falta de equipos para pintar | I88: PIN-A | J88: ET
A89: 44694 | B89: Vie | C89: Atraso en area de montaje por falta de taladro... solo se cuenta con uno para perforar chasis | I89: MON-A | J89: FM
A90: =+A84+1 -> 44695 | B90: Sab
A91: =+A90+1 -> 44696 | B91: Dom
A92: =+A91+1 -> 44697 | B92: Lun | C92: Ausencia de personal area de armado (Sylvestre) Licencia medica | I92: AR-A | J92: AP
A93: =+A92+1 -> 44698 | B93: Mar | C93: Ausencia de personal area de armado (Sylvestre) Licencia medica | I93: AR-A | J93: AP
A94: 44698 | B94: Mar | C94: Una cuadrilla de 3 personas en el area de montaje trabajando en garantia OT 1244 Jet A1 | I94: MON-A | J94: GA
A95: 44698 | B95: Mar | C95: Atraso en area de montaje OT 1364 por la espera de confirmacion de caja lateral del equipo | I95: MON-A | J95: SI
A96: 44698 | B96: Mar | C96: Atraso en area de armado OT 1354 por cambio de prioridad | I96: AR-A | J96: CAP
A97: 44698 | B97: Mar | C97: Area de pintura trabaja en desmanche y pre avances de equipos.. | I97: PIN-A | J97: EP
A98: 44698 | B98: Mar | C98: Una cuadrilla de 2 personas en el area de hidraulica trabajando en garantia OT 1244 Jet A1 | I98: HID-A | J98: GA
A99: 44698 | B99: Mar | C99: Una cuadrilla de 2 personas en el area de terminaciones trabajando en garantia OT 1244 Jet A1 | I99: TERM-A | J99: GA
A100: 44698 | B100: Mar | C100: Atraso en OT 1178 y 1326 por certificacion de soldadores (John Aton, Sebastian Candia, Nelson Natanael) | I100: AR-A | J100: CAP
A101: 44698 | B101: Mar | C101: Falla de yale, impide montar tolva de 25 M³ | I101: MON-A | J101: FM
A102: =+A93+1 -> 44699 | B102: Mie | C102: Permiso Medico medio dia Richard Hernandez | I102: MON-A | J102: AP
A103: 44699 | B103: Mie | C103: Se detiene OT 1364 por falta de Cajas laterales | I103: MON-A | J103: FMAT
A104: 44699 | B104: Mie | C104: Una cuadrilla de 3 personas en el area de montaje trabajando en garantia OT 1244 Jet A1 | I104: MON-A | J104: GA
A105: 44699 | B105: Mie | C105: Una cuadrilla de 2 personas en el area de hidraulica trabajando en garantia OT 1244 Jet A1 | I105: HID-A | J105: GA
A106: 44699 | B106: Mie | C106: Una cuadrilla de 2 personas en el area de terminaciones trabajando en garantia OT 1244 Jet A1 | I106: TERM-A | J106: GA
A107: 44699 | B107: Mie | C107: Falla en torno | I107: HID-A | J107: FM
A108: 44699 | B108: Mie | C108: Atraso en OT 1314 y 1315 por problema en cubre cabima | I108: MON-A | J108: PC
...

Sheet JUN-22
A1: Prioridad | B1: OT | C1: Cliente Interno | D1: Cliente | E1: Equipo | F1: Modelo/Capacidad | G1: Camion | H1: Modelo | I1: Vin / Patente | J1: VALOR NETO | K1: % | L1: SM | N1: Fecha | P1: INGENIERIA | Q1: Dia | R1: CORTE Y PLEGADO | S1: Dia | T1: ARMADO | U1: Dia | V1: MONTAJE | W1: Dia | X1: PINTURA | Y1: Dia | Z1: HIDRAULICA | AA1: Dia | AB1: TERMINACIONES | AC1: Dia | AD1: PTO | AE1: STOCK | AF1: BBA H | AG1: STOCK | AH1: CILINDRO | AI1: STOCK | AJ1: DERIVADORA | AK1: MOTOR H | AL1: BBA CENT. | AM1: BBA VACIO | AN1: Bomba Comb. | AO1: Stock | AP1: Cuenta Litro | AQ1: Stock | AR1: Kit Combustible | AS1: Stock | AT1: Carrete | AU1: Stock | AV1: Manguera | AW1: Stock | AX1: Pistola | AY1: Stock | AZ1: Microfiltro | BA1: STOCK | BB1: Pintura | BC1: Stock | BD1: Acero
A2: Entregado | B2: 1282 | C2: CENTRO EQUIPOS | D2: SCANIA | E2: TOLVA | F2: TFR 25 M³ | G2: SCANIA | H2: G500B | I2: 4011953 | J2: 31330000 | K2: 1 | L2: 3 | M2: OK | N2: 44729 | O2: 1 | P2: OK | Q2: - | R2: OK | S2: 1.5 | T2: OK | U2: 7 | V2: OK | W2: 4 | X2: OK | Y2: 1.5 | Z2: OK | AA2: 1.5 | AB2: OK | AC2: 1 | AD2: INCORPORADO | AF2: Bezares 100 | AG2: SI | AH2: Hyva 179-5 | AI2: SI | BB2: 4 GL | BC2: PLANTA | BD2: PLANTA
A3: Entregado | B3: 1426 | C3: ETP | D3: MUNI. DE PUNITAQUI | E3: TOLVA | F3: TRE 10 M³ | G3: V.WAGEN | H3: 17330 | I3: 41313 | J3: 11000000 | K3: 1 | L3: 2 | M3: OK | N3: 44718 | O3: 1 | P3: OK | Q3: - | R3: OK | S3: 1 | T3: OK | U3: 3 | V3: OK | W3: 3.5 | X3: OK | Y3: 1 | Z3: OK | AA3: 1.5 | AB3: OK | AC3: 1.5 | AD3: FALTA CAMION | AF3: Bezares 80 | AG3: SI | AH3: Hyva 137-3 | AI3: SI | BB3: 3 GL | BC3: PLANTA | BD3: PLANTA
A4: Entregado | B4: 1430 | C4: ETP | D4: CECOR | E4: TOLVA | F4: TPI 14 M³ + KIT ARRASTRE | G4: V.WAGEN | H4: 31330 | I4: 17190 | J4: 11000000 | K4: 1 | L4: 2 | M4: OK | N4: 44722 | O4: 1 | P4: OK | Q4: - | R4: OK | S4: 1.5 | T4: OK | U4: 3.5 | V4: OK | W4: 3.5 | X4: OK | Y4: 1 | Z4: OK | AA4: 1.5 | AB4: OK | AC4: 1 | AD4: BEZARES | AE4: SI | AF4: Bezares 80 | AG4: SI | AH4: Hyva 137-3 | AI4: SI | BB4: 3 GL | BC4: PLANTA | BD4: PLANTA
A5: Entregado | B5: 1436 | C5: ETP | D5: PATAGON | E5: TOLVA | F5: 3,5 M³ | G5: DIECI | H5: L4700 | I5: L4700 | J5: 7000000 | K5: 1 | L5: 5 | M5: OK | N5: 44753 | O5: 1 | P5: OK | Q5: - | R5: OK | S5: 1.5 | T5: OK | U5: 1.5 | V5: OK | W5: 4.5 | X5: OK | Y5: 1 | Z5: OK | AA5: 2 | AB5: OK | AC5: - | AD5: L4700 | AE5: P.DEFINIR | AF5: POR DEFINIR | AH5: HIDROSIR 120-5 | AI5: SI | BB5: 2 GL | BC5: PLANTA | BD5: PLANTA
A6: Entregado | B6: 1429 | C6: ETP | D6: CECOR | E6: TOLVA | F6: TPI 12 A 14 M³ | G6: V.WAGEN | H6: 31330 | I6: 16468 | J6: 11000000 | K6: 1 | L6: 5 | M6: OK | N6: 44742 | O6: 1 | P6: OK | Q6: - | R6: OK | S6: 1.5 | T6: OK | U6: 2.5 | V6: OK | W6: 2 | X6: OK | Y6: 1 | Z6: OK | AA6: 1.5 | AB6: OK | AC6: 1.5 | AD6: FALTA CAMION | AE6: P.DEFINIR | AF6: POR DEFINIR | AH6: Hyva 137-3 | AI6: SI | BB6: 3 GL | BC6: PLANTA | BD6: PLANTA
A7: Entregado | B7: 1431 | C7: ETP | D7: AUTOSUMMIT / ZION SERVICES | E7: ATMOSFERICO | F7: 2.5 M³ + 1 M³ | G7: HINO | H7: XZU 616 | I7: 6581 | J7: 25739600 | K7: 1 | L7: 5 | M7: OK | N7: 44742 | O7: 1 | P7: OK | Q7: - | R7: OK | S7: 1 | T7: OK | U7: 3.5 | V7: OK | W7: 4 | X7: OK | Y7: 1.5 | Z7: OK | AA7: 12.5 | AB7: OK | AC7: - | BB7: 2 GL | BC7: PLANTA | BD7: PLANTA
A8: Entregado | B8: 1425 | C8: ETP | D8: HIDROMASS | E8: ATMOSFERICO | F8: 2.5 M³ + 1 M³ | G8: HINO | H8: XZU 616 | I8: 6458 | J8: 16975000 | K8: 1 | L8: 5 | M8: OK | N8: 44742 | O8: 1 | P8: OK | Q8: - | R8: OK | S8: 1 | T8: OK | U8: 3 | V8: OK | W8: 6.5 | X8: OK | Y8: 1.5 | Z8: OK | AA8: 7.5 | AB8: OK | AC8: - | BB8: 2 GL | BC8: PLANTA | BD8: PLANTA
A9: Entregado | B9: 1178 | C9: CENTRO EQUIPOS | D9: SALFA | E9: COMBUSTIBLE | F9: 5 M³ | G9: CHEVROLET | H9: NPR 816 | I9: 7101138 | J9: 17200000 | K9: 1 | L9: 3 | M9: OK | N9: 44727 | O9: 1 | P9: OK | Q9: - | R9: OK | S9: 1 | T9: OK | U9: 6.5 | V9: OK | W9: 7 | X9: OK | Y9: 1.5 | Z9: OK | AA9: 8 | AB9: OK | AC9: 2 | AD9: BEZARES | AE9: SI | AF9: ------------ | AG9: SI | AH9: --------------- | AN9: IPT 2" | AO9: PLANTA | AP9: IPT | AQ9: PLANTA | AR9: valvulas | AS9: PLANTA | AT9: 1" IPT | AU9: PLANTA | AV9: 15MTS 1" | AW9: SOLICITADO | AX9: 1" OPW | AY9: SOLICITADO | AZ9: --------- | BA9: ---------- | BB9: 2 GL | BC9: PLANTA | BD9: PLANTA
A10: Entregado | B10: 1434 | C10: ETP | D10: AUTOSUMMIT | E10: ALJIBE | F10: 12 M³ | G10: V.WAGEN | H10: 17230 | I10: 15906 | J10: 19300000 | K10: 1 | L10: 5 | M10: OK | N10: 44746 | O10: 1 | P10: OK | Q10: - | R10: OK | S10: 1 | T10: OK | U10: 5 | V10: OK | W10: 4.5 | X10: OK | Y10: 1 | Z10: OK | AA10: 6 | AB10: OK | AC10: 3 | BB10: 3GL | BC10: PLANTA | BD10: PLANTA
A11: Entregado | B11: 1238 | C11: CENTRO EQUIPOS | D11: SALFA | E11: ALJIBE | F11: 30 M³ | G11: RENAULT | H11: K-480 | I11: 1099 | J11: 21500000 | K11: 1 | L11: 2 | M11: OK | N11: 44718 | O11: 1 | P11: OK | Q11: - | R11: OK | S11: 2 | T11: OK | U11: 7 | V11: OK | W11: 5.5 | X11: OK | Y11: 1 | Z11: OK | AA11: 4 | AB11: OK | AC11: 3 | AD11: INCORPORADO | AE11: si | AF11: POR DEFINIR | AG11: SI | AH11: --------------- | BB11: 4 GL | BC11: PLANTA | BD11: PLANTA
A12: Entregado | B12: 1322 | C12: CENTRO EQUIPOS | D12: CECOR | E12: COMBUSTIBLE | F12: 5 M³ | G12: HINO | H12: FC 1118 | I12: 112950 | J12: 17300000 | K12: 1 | L12: 5 | M12: OK | N12: 44755 | O12: 1 | P12: OK | Q12: - | R12: OK | S12: 1.5 | T12: OK | U12: 5 | V12: OK | W12: 6.5 | X12: OK | Y12: 1 | Z12: OK | AA12: - | AB12: OK | AC12: - | BB12: 3 GL | BC12: PLANTA | BD12: PLANTA
A13: Entregado | B13: 1269 | C13: CENTRO EQUIPOS | D13: VOLVO / LAURO RIOS | E13: ALJIBE | F13: 20 M³ | G13: VOLVO | H13: VM 330 | I13: 181344 | J13: 21000000 | K13: 1 | L13: 4 | M13: OK | N13: 44735 | O13: 1 | P13: OK | Q13: - | R13: OK | S13: 1.5 | T13: OK | U13: 5.5 | V13: OK | W13: 4.5 | X13: OK | Y13: 2 | Z13: OK | AA13: 5.5 | AB13: OK | AC13: 2 | AD13: INCORPORADO | AE13: SI | AF13: POR DEFINIR | AG13: SI | BB13: 4 GL | BC13: PLANTA | BD13: PLANTA
A14: Entregado | B14: 1155 | C14: CENTRO EQUIPOS | D14: MIES | E14: LUBRICADOR | F14: FURGON CERRADO | G14: M.BENZ | H14: 3342 | I14: 535861 | K14: 1 | L14: 5 | M14: OK | N14: 44742 | O14: 1 | P14: OK | Q14: - | R14: OK | S14: 1 | T14: OK | U14: - | V14: OK | W14: - | X14: OK | Y14: - | Z14: OK | AA14: - | AB14: OK | AC14: 6.5 | BB14: 7 GL | BC14: PLANTA | BD14: PLANTA
A15: Entregado | B15: 1393 | C15: ETP | D15: PORSCHE MAN | E15: LUBRICADOR | F15: CERRADO | G15: MAN | H15: TGS 18.320 | I15: 77837 | J15: 49200000 | K15: 1 | L15: 3 | M15: OK | N15: 44727 | O15: 1 | P15: OK | Q15: - | R15: OK | S15: 1 | T15: OK | U15: 23 | V15: OK | W15: - | X15: OK | Y15: - | Z15: OK | AA15: - | AB15: OK | AC15: 5.5 | AD15: FALTA CAMION | AF15: POR DEFINIR | AG15: SI | AH15: --------------- | AN15: 4" | AO15: no | AP15: m25 - m10 | AQ15: no | AR15: valvulas | AT15: 1"-11/2" - 21/2" | AU15: no | AV15: 1" - 11/2" - 21/2" | AW15: no | AX15: 1" - 11/2" . - VR 300 | AZ15: 300 glp | BA15: no | BB15: 6 GL | BC15: PLANTA | BD15: PLANTA
A16: Entregado | B16: 1403 | C16: ETP | D16: PORSCHE MAN | E16: LUBRICADOR | F16: CERRADO | G16: MAN | H16: TGS 18.320 | I16: 891520 | J16: 49200000 | K16: 1 | L16: 5 | M16: OK | N16: 44748 | O16: 1 | P16: OK | Q16: - | R16: OK | S16: 2 | T16: OK | U16: 11 | V16: OK | W16: 7.5 | X16: OK | Y16: 2 | Z16: OK | AA16: 9 | AB16: OK | AC16: 2.5 | BB16: 6 GL | BC16: PLANTA | BD16: PLANTA
A17: Entregado | B17: 1266 | C17: CENTRO EQUIPOS | D17: CARMONA | E17: TOLVA | F17: TPI 14 M³ | G17: V.WAGEN | H17: 31330 | I17: 16455 | J17: 16250000 | K17: 1 | L17: 4 | M17: OK | N17: 44736 | O17: 1 | P17: OK | Q17: - | R17: OK | S17: 2 | T17: OK | U17: 3.5 | V17: OK | W17: 2.5 | X17: OK | Y17: 1.5 | Z17: OK | AA17: 1.5 | AB17: OK | AC17: 1.5 | AH17: Hyva 137-3 | AI17: SI | BB17: 3 GL | BC17: PLANTA | BD17: PLANTA
A18: Entregado | B18: 1298 | C18: CENTRO EQUIPOS | D18: CARMONA | E18: TOLVA | F18: 14-15 M³ | G18: V.WAGEN | H18: 32360 | I18: 11609 | J18: 18220000 | K18: 1 | L18: 4 | M18: OK | N18: 44735 | O18: 1 | P18: OK | Q18: - | R18: OK | S18: 2 | T18: OK | U18: 4 | V18: OK | W18: 2.5 | X18: OK | Y18: 1 | Z18: OK | AA18: 1.5 | AB18: OK | AC18: - | AH18: Hyva 137-3 | AI18: SI | BB18: 3 GL | BC18: PLANTA | BD18: PLANTA
A19: Entregado | B19: 1439 | C19: ETP | D19: CECOR | E19: TOLVA | F19: TPI 14 M³ | G19: V.WAGEN | H19: 31330 | I19: 17202 | J19: 11000000 | K19: 1 | L19: 3 | M19: OK | N19: 44726 | O19: 1 | P19: OK | Q19: - | R19: OK | S19: 1.5 | T19: OK | U19: 2.5 | V19: OK | W19: 4 | X19: OK | Y19: 1 | Z19: OK | AA19: 1.5 | AB19: OK | AC19: 1.5 | AH19: Hyva 137-3 | AI19: SI | BB19: 3 GL | BC19: PLANTA | BD19: PLANTA
A20: Entregado | B20: 1236 | C20: ETP | D20: PORSCHE / AGRICOLA DON ALEJO | E20: TOLVA | F20: TPI 14 M³ | G20: V.WAGEN | H20: 32360 | I20: 11616 | J20: 14700000 | K20: 1 | L20: 3 | M20: OK | N20: 44727 | O20: 1 | P20: OK | Q20: - | R20: OK | S20: 1.5 | T20: OK | U20: 2 | V20: OK | W20: 2.5 | X20: OK | Y20: 1 | Z20: OK | AA20: 1.5 | AB20: OK | AC20: 1.5 | AH20: Hyva 137-3 | AI20: SI | BB20: 3 GL | BC20: PLANTA | BD20: PLANTA
A21: Entregado | B21: 1379 | C21: ETP | D21: MAURICIO VALDIVIA | E21: ALJIBE | F21: 20 M³ INOX | G21: VOLVO | H21: VM 330 | I21: 180536 | J21: 26500000 | K21: 1 | L21: 5 | M21: OK | N21: 44746 | O21: 1 | P21: OK | Q21: - | R21: OK | S21: 1 | T21: OK | U21: 5.5 | V21: OK | W21: 6.5 | X21: OK | Y21: 1 | Z21: OK | AA21: 5.5 | AB21: OK | AC21: 3 | BB21: 6 GL | BC21: PLANTA | BD21: PLANTA
P22: - | Q22: - | R22: - | S22: - | T22: - | U22: - | V22: - | W22: - | X22: - | Y22: - | Z22: - | AA22: - | AB22: - | AC22: -
P23: - | Q23: - | R23: - | S23: - | T23: - | U23: - | V23: - | W23: - | X23: - | Y23: - | Z23: - | AA23: - | AB23: - | AC23: -
P24: - | Q24: - | R24: - | S24: - | T24: - | U24: - | V24: - | W24: - | X24: - | Y24: - | Z24: - | AA24: - | AB24: - | AC24: -
P25: - | Q25: - | R25: - | S25: - | T25: - | U25: - | V25: - | W25: - | X25: - | Y25: - | Z25: - | AA25: - | AB25: - | AC25: -
P26: - | Q26: - | R26: - | S26: - | T26: - | U26: - | V26: - | W26: - | X26: - | Y26: - | Z26: - | AA26: - | AB26: - | AC26: -
P27: - | Q27: - | R27: - | S27: - | T27: - | U27: - | V27: - | W27: - | X27: - | Y27: - | Z27: - | AA27: - | AB27: - | AC27: -
P28: - | Q28: - | R28: - | S28: - | T28: - | U28: - | V28: - | W28: - | X28: - | Y28: - | Z28: - | AA28: - | AB28: - | AC28: -
P29: - | Q29: - | R29: - | S29: - | T29: - | U29: - | V29: - | W29: - | X29: - | Y29: - | Z29: - | AA29: - | AB29: - | AC29: -
P30: - | Q30: - | R30: - | S30: - | T30: - | U30: - | V30: - | W30: - | X30: - | Y30: - | Z30: - | AA30: - | AB30: - | AC30: -
P31: - | Q31: - | R31: - | S31: - | T31: - | U31: - | V31: - | W31: - | X31: - | Y31: - | Z31: - | AA31: - | AB31: - | AC31: -
P32: - | Q32: - | R32: - | S32: - | T32: - | U32: - | V32: - | W32: - | X32: - | Y32: - | Z32: - | AA32: - | AB32: - | AC32: -
P33: - | Q33: - | R33: - | S33: - | T33: - | U33: - | V33: - | W33: - | X33: - | Y33: - | Z33: - | AA33: - | AB33: - | AC33: -
... P40: - | Q40: - | R40: - | S40: - | T40: - | U40: - | V40: - | W40: - | X40: - | Y40: - | Z40: - | AA40: - | AB40: - | AC40: -
C42: Mix de Producto | E42: Cliente Interno | H42: Total equipo Junio | I42: =SUM(O2:O40) -> 20 | J42: =SUM(J2:J40) -> 395414600 | K42: =SUM(P42:AB42) -> 1 | P42: 0.03 | R42: 0.1 | T42: 0.3 | V42: 0.3 | X42: 0.1 | Z42: 0.12 | AB42: 0.05
C43: ALJIBE | D43: =SUMIF($E$2:$E$40,C43,$O$2:$O$40) -> 4 | E43: ETP | F43: =SUMIF($C$2:$C$40,E43,$O$2:$O$40) -> 12 | M43: Equipo Fab hasta
C44: ATMOSFERICO | D44: =SUMIF($E$2:$E$40,C44,$O$2:$O$40) -> 2 | E44: CENTRO EQUIPOS | F44: =SUMIF($C$2:$C$40,E44,$O$2:$O$40) -> 8 | H44: Equ. Fab. Y Facturado | J44: =SUMIF(K2:K40,K44,J2:J40) -> 395414600 | K44: 1 | N44: =SUMIF($K$2:$K$40,K44,$O$2:$O$40) -> 20
C45: CARROCERIA MINERA | D45: =SUMIF($E$2:$E$40,C45,$O$2:$O$40) -> 0 | H45: Equ. Facturado semanal | I45: 30/05 a 04/06 | J45: =SUMIF($L$2:$L$40,K45,$J$2:$J$40) -> 0 | K45: 1
C46: COMBUSTIBLE | D46: =SUMIF($E$2:$E$40,C46,$O$2:$O$40) -> 2 | H46: Equ. Facturado semanal | I46: 06/06 a 11/06 | J46: =SUMIF($L$2:$L$40,K46,$J$2:$J$40) -> 43500000 | K46: 2
C47: COMBUSTIBLE AVIACION | D47: =SUMIF($E$2:$E$40,C47,$O$2:$O$40) -> 0 | H47: Equ. Facturado semanal | I47: 13/06 a 18/06 | J47: =SUMIF($L$2:$L$40,K47,$J$2:$J$40) -> 123430000 | K47: 3
C48: LUBRICADOR | D48: =SUMIF($E$2:$E$40,C48,$O$2:$O$40) -> 3 | H48: Equ. Facturado semanal | I48: 20/06 a 25/06 | J48: =SUMIF($L$2:$L$40,K48,$J$2:$J$40) -> 55470000 | K48: 4
C49: TOLVA | D49: =SUMIF($E$2:$E$40,C49,$O$2:$O$40) -> 9 | H49: Equ. Facturado semanal | I49: 27/06 a 02/07 | J49: =SUMIF($L$2:$L$40,K49,$J$2:$J$40) -> 173014600 | K49: 5
C51: Total | D51: =SUM(D43:D50) -> 20 | E51: Total | F51: =SUM(F43:F50) -> 20
A52: Observaciones | I52: Atrasos por Areas | J52: Motivos de Atrasos
A53: 44713 | B53: Mie
A54: =+A53+1 -> 44714 | B54: Jue
A55: 44714 | B55: Jue
A56: 44714 | B56: Jue
A57: =+A54+1 -> 44715 | B57: Vie | C57: Tecle dañado | I57: MON-A | J57: FM
A58: 44715 | B58: Vie | C58: Falta de acero en 6 mm | I58: CP-A | J58: FMAT
A59: 44715 | B59: Vie | C59: Ausencia de personal area de montaje (Javier Melillan) Licencia Medica | I59: MON-A | J59: AP
A60: 44715 | B60: Vie | C60: Ausencia de personal area de fabricacion propia (Pedro Fernandez) Licencia Medica | J60: AP
A61: 44715 | B61: Vie | C61: Falla en tadro en area de montaje | I61: MON-A | J61: FM
A62: 44715 | B62: Vie | C62: Tecle dañado | I62: MON-A | J62: FM
A63: =+A57+1 -> 44716 | B63: Sab
A64: =+A63+1 -> 44717 | B64: Dom
A65: =+A64+1 -> 44718 | B65: Lun | C65: Ausencia de personal area de armado (John aton) | I65: AR-A | J65: AP
A66: 44718 | B66: Lun | C66: Ausencia de personal area de montaje (Manuel Fuentes) | I66: MON-A | J66: AP
A67: 44718 | B67: Lun | C67: Ausencia de personal area de montaje (Moises bustos) | I67: MON-A | J67: AP
A68: 44718 | B68: Lun | C68: Ausencia de personal area de montaje (Javier Melillan) Licencia Medica | I68: MON-A | J68: AP
A69: 44718 | B69: Lun | C69: Ausencia de personal area de fabricacion propia (Pedro Fernandez) Licencia Medica | J69: AP
A70: 44718 | B70: Lun | C70: Tecle dañado | I70: MON-A | J70: FM
A71: 44718 | B71: Lun | C71: Falta de acero en 6 mm | I71: CP-A | J71: FMAT
A72: 44718 | B72: Lun | C72: Una cuadrilla de 2 persona en montaje trabaja en cambio de estanque de comb. 5M³ cliente Mies (OT PTO) | I72: MON-A | J72: CAP
A73: 44718 | B73: Lun | C73: Una cuadrilla de 3 persona en montaje trabajainstalacion de cilindro hidraulico (OT 1369) SACYR | I73: MON-A | J73: CAP
A74: 44718 | B74: Lun | C74: Personal del area hidraulica en terreno por entrega de equipo (Enrique Solar y Felipe Salina) | I74: HID-A
A75: 44718 | B75: Lun | C75: Personal del area de terminaciones en terreno por entrega de equipo (Jorge Maureira y Diego) | I75: TERM-A
A76: =+A65+1 -> 44719 | B76: Mar | C76: Ausencia de personal area de montaje (Javier Melillan) Licencia Medica | I76: MON-A | J76: AP
A77: 44719 | B77: Mar | C77: Ausencia de personal area de armado (John aton) | I77: AR-A | J77: AP
A78: 44719 | B78: Mar | C78: Una cuadrilla de 2 persona en montaje trabaja en cambio de estanque de comb. 5M³ cliente Mies (OT PTO) | I78: MON-A | J78: CAP
A79: 44719 | B79: Mar | C79: Una cuadrilla de 3 persona en montaje trabajainstalacion de cilindro hidraulico (OT 1369) SACYR | I79: MON-A | J79: CAP
A80: 44719 | B80: Mar | C80: Tecle dañado | I80: MON-A | J80: FM
A81: 44719 | B81: Mar | C81: Ausencia de personal area de fabricacion propia (Pedro Fernandez) Licencia Medica | J81: AP
A82: =+A76+1 -> 44720 | B82: Mie | C82: Ausencia de personal area de montaje (Javier Melillan) Licencia Medica | I82: MON-A | J82: AP
A83: 44720 | B83: Mie | C83: Ausencia de personal area de fabricacion propia (Pedro Fernandez) Licencia Medica | J83: AP
A84: 44720 | B84: Mie | C84: Tecle dañado | I84: MON-A | J84: FM
A85: 44720 | B85: Mie | C85: Una cuadrilla de 2 persona en montaje trabaja en cambio de estanque de comb. 5M³ cliente Mies (OT PTO) | I85: MON-A | J85: CAP
A86: 44720 | B86: Mie | C86: Una cuadrilla de 3 persona en montaje trabajainstalacion de cilindro hidraulico (OT 1369) SACYR | I86: MON-A | J86: CAP
A87: 44720 | B87: Mie | C87: Personal del area hidraulica en terreno por entrega de equipo (Enrique Solar y Felipe Salina) | I87: HID-A
A88: 44720 | B88: Mie | C88: Personal del area de terminaciones en terreno por entrega de equipo (Jorge Maureira y Diego) | I88: TERM-A
A89: 44720 | B89: Mie | C89: Atraso en OT 1425 por falta de escotilla, se proceso tarde la fabricacion de la escotilla por falta de ingenieria | I89: MON-A | J89: ET
A90: =+A82+1 -> 44721 | B90: Jue | C90: Ausencia de personal area de montaje (Javier Melillan) Licencia Medica | I90: MON-A | J90: AP
A91: 44721 | B91: Jue | C91: Ausencia de personal area de fabricacion propia (Pedro Fernandez) Licencia Medica | J91: AP
A92: 44721 | B92: Jue | C92: Ausencia de personal area de montaje (Carlos Galdames) | I92: MON-A | J92: AP
A93: 44721 | B93: Jue | C93: Una cuadrilla de 2 persona en montaje trabaja en cambio de estanque de comb. 5M³ cliente Mies (OT PTO) | I93: MON-A | J93: CAP
A94: 44721 | B94: Jue | C94: Una cuadrilla de 2 persona en montaje trabajainstalacion de cilindro hidraulico (OT 1369) SACYR | I94: MON-A | J94: CAP
A95: =+A90+1 -> 44722 | B95: Vie
A96: =+A95+1 -> 44723 | B96: Sab
A97: =+A96+1 -> 44724 | B97: Dom
A98: =+A97+1 -> 44725 | B98: Lun | C98: Ausencia de personal area de montaje (Javier Melillan) Licencia Medica | I98: MON-A | J98: AP
A99: 44725 | B99: Lun | C99: Ausencia de personal area de fabricacion propia (Pedro Fernandez) Licencia Medica | J99: AP
A100: 44725 | B100: Lun | C100: Ausencia de personal area de montaje (Carlos Galdames) Licencia Medica | I100: MON-A | J100: AP
A101: 44725 | B101: Lun | C101: Tecle dañado | I101: MON-A | J101: FM
A102: =+A98+1 -> 44726 | B102: Mar | C102: Ausencia de personal area de montaje (Javier Melillan) Licencia Medica | I102: MON-A | J102: AP
A103: 44726 | B103: Mar | C103: Ausencia de personal area de fabricacion propia (Pedro Fernandez) Licencia Medica | J103: AP
A104: 44726 | B104: Mar | C104: Ausencia de personal area de montaje (Carlos Galdames) Licencia Medica | I104: MON-A | J104: AP
A105: 44726 | B105: Mar | C105: Falta de pintura epoxica para interior de OT 1269 | I105: PIN-A | J105: FMAT
A106: 44726 | B106: Mar | C106: Tecle dañado | I106: MON-A | J106: FM
A107: 44726 | B107: Mar | C107: Falla en mesa de corte | I107: CP-A | J107: FM
A108: 44726 | B108: Mar | C108: Falla en camion 128OT | I108: TERM-A | J108: GA
...

Sheet JUL-22
A1: Prioridad | B1: OT | C1: Cliente Interno | D1: Cliente | E1: Equipo | F1: Modelo/Capacidad | G1: Camion | H1: Modelo | I1: Vin / Patente | J1: VALOR NETO | K1: % | L1: SM | N1: Fecha | P1: INGENIERIA | Q1: Dia | R1: CORTE Y PLEGADO | S1: Dia | T1: ARMADO | U1: Dia | V1: CUADRILLA | W1: MONTAJE | X1: Dia | Y1: CUADRILLA | Z1: PINTURA | AA1: Dia | AB1: CUADRILLA | AC1: HIDRAULICA | AD1: Dia | AE1: CUADRILLA | AF1: TERMINACIONES | AG1: Dia | AH1: CUADRILLA | AI1: PTO | AJ1: STOCK | AK1: BBA H | AL1: STOCK | AM1: CILINDRO | AN1: STOCK | AO1: DERIVADORA | AP1: MOTOR H | AQ1: BBA CENT. | AR1: BBA VACIO | AS1: Bomba Comb. | AT1: Stock | AU1: Cuenta Litro | AV1: Stock | AW1: Kit Combustible | AX1: Stock | AY1: Carrete | AZ1: Stock | BA1: Manguera | BB1: Stock | BC1: Pistola | BD1: Stock | BE1: Microfiltro | BF1: STOCK | BG1: Pintura | BH1: Stock | BI1: Acero
A2: Entregado | B2: 1299 | C2: CENTRO EQUIPOS | D2: CARMONA | E2: TOLVA | F2: TPI 14 M³ A 15 M­³ | G2: V.WAGEN | H2: 32360 | I2: 11210 | J2: 24900000 | K2: 1 | L2: 4 | M2: OK | N2: 44760 | O2: 1 | P2: OK | Q2: - | R2: OK | S2: 1.5 | T2: OK | U2: 3 | V2: Paolo T. / Enrique T. | W2: OK | X2: 3 | Y2: Richard H, / Sergio Z. | Z2: OK | AA2: 1 | AB2: Ketnel E. / Woodny J. | AC2: OK | AD2: 1 | AE2: Richard O. / Juan M. | AF2: OK | AG2: 1 | AH2: - | AM2: Hyva 137-3 | AN2: SI | BG2: 3 GL | BH2: PLANTA | BI2: PLANTA
A3: Entregado | B3: 1329 | C3: CENTRO EQUIPOS | D3: CARMONA | E3: TOLVA | F3: TPI 14 M3 | G3: V.WAGEN | H3: 31330 | I3: 25603 | J3: 36000000 | K3: 1 | L3: 7 | M3: OK | N3: 44781 | O3: 1 | P3: OK | Q3: - | R3: OK | S3: 1.5 | T3: OK | U3: 4 | V3: Paolo T. / Enrique T. | W3: OK | X3: 2 | Y3: Javier M. / Moises B. | Z3: OK | AA3: 1 | AB3: Ketnel E. / Woodny J. | AC3: OK | AD3: 1.5 | AE3: Richard O. / Juan M. | AF3: OK | AG3: 1 | AH3: - | AM3: Hyva 137-3 | AN3: SI | BG3: 3 GL. | BI3: PLANTA
A4: Entregado | B4: 1411 | C4: ETP | D4: PORSCHE | E4: TOLVA | F4: TPI 14 M³ XAR + PUERTA MINERA | G4: V.WAGEN | H4: 31330 | I4: 19637 | J4: 17000000 | K4: 1 | L4: 4 | M4: OK | N4: 44762 | O4: 1 | P4: OK | Q4: - | R4: OK | S4: 1.5 | T4: OK | U4: 4 | V4: Paolo T. / Enrique T. | W4: OK | X4: 4 | Y4: Javier M. / Moises B. | Z4: OK | AA4: 1 | AB4: Ketnel E. / Woodny J. | AC4: OK | AD4: 1 | AE4: Richard O. / Juan M. | AF4: OK | AG4: 2 | AH4: Juan T. / Andres D. | AI4: BEZARES | AJ4: SI | AK4: Bezares 80 | AL4: SI | AM4: Hyva 137-3 | AN4: SI | BG4: 3 GL | BH4: PLANTA | BI4: PLANTA
A5: Entregado | B5: 1412 | C5: ETP | D5: PORSCHE | E5: TOLVA | F5: TPI 14 M³ XAR + PUERTA MINERA | G5: V.WAGEN | H5: 31330 | I5: 19662 | J5: 17000000 | K5: 1 | L5: 4 | M5: OK | N5: 44763 | O5: 1 | P5: OK | Q5: - | R5: OK | S5: 1.5 | T5: OK | U5: 4 | V5: Paolo T. / Enrique T. | W5: OK | X5: 2.5 | Y5: Javier M. / Moises B. | Z5: OK | AA5: 1 | AB5: Ketnel E. / Woodny J. | AC5: OK | AD5: 1 | AE5: Enrique S / Juan M. | AF5: OK | AG5: 1 | AH5: Juan T. / Andres D. | AI5: BEZARES | AJ5: SI | AK5: Bezares 80 | AL5: SI | AM5: Hyva 137-3 | AN5: SI | BG5: 3 GL | BH5: PLANTA | BI5: PLANTA
A6: Entregado | B6: 1355 | C6: ETP | D6: DIFOR | E6: TOLVA | F6: TPI 14 A 15 M3 | G6: V.WAGEN | H6: 32360 | I6: 12851 | J6: 14700000 | K6: 1 | L6: 2 | M6: OK | N6: 44748 | O6: 1 | P6: OK | Q6: - | R6: OK | S6: 2 | T6: OK | U6: 3 | V6: Hector G. / Rene P. | W6: OK | X6: 2.5 | Y6: Javier M. / Moises B. | Z6: OK | AA6: 1 | AB6: Ketnel E. / Woodny J. | AC6: OK | AD6: 1.5 | AE6: Richard O. / Juan M. | AF6: OK | AG6: 1.5 | AH6: Andres D. | AI6: BEZARES | AJ6: SI | AK6: Bezares 80 | AL6: SI | AM6: Hyva 137-3 | AN6: SI | BG6: 3 GL | BH6: PLANTA | BI6: PLANTA
A7: Entregado | B7: 1179 | C7: CENTRO EQUIPOS | D7: VOLVO / LAURO RIOS | E7: ALJIBE | F7: 20 M3 | G7: VOLVO | H7: VM 330 | I7: 181535 | J7: 21000000 | K7: 1 | L7: 5 | M7: OK | N7: 44771 | O7: 1 | P7: OK | Q7: - | R7: OK | S7: 1.5 | T7: OK | U7: 5 | V7: Paolo T. / Enrique T. | W7: OK | X7: 7.5 | Y7: Richard H, / Sergio Z. | Z7: OK | AA7: 1.5 | AB7: Ronal F. / Cristian F. | AC7: OK | AD7: 4 | AE7: Cuadrilla Richard | AF7: OK | AG7: 2 | AH7: Juan T. / Andres D. | BG7: 4 GL | BH7: PLANTA | BI7: PLANTA
A8: Entregado | B8: 1349 | C8: CENTRO EQUIPOS | D8: VIVIPRA | E8: COMBUSTIBlE | F8: 5 M3 - CTA LTS M5 | G8: CHEVROLET | H8: NQR 919 | I8: 7100750 | J8: 17200000 | K8: 1 | L8: 7 | M8: OK | N8: 44781 | O8: 1 | P8: OK | Q8: - | R8: OK | S8: 1 | T8: OK | U8: 5 | V8: John A. / Nelson N. | W8: OK | X8: 6 | Y8: Juan A. / Manuel F. / Luis C. | Z8: OK | AA8: 2 | AB8: Ketnel E. / Woodny J. | AC8: OK | AD8: 5.5 | AE8: Cuadrilla Richard | AF8: OK | AG8: 2.5 | AH8: - | BG8: 2 GL | BH8: PLANTA | BI8: PLANTA
A9: Entregado | B9: 1283 | C9: CENTRO EQUIPOS | D9: AUTOSUMMIT | E9: COMBUSTIBLE | F9: 7 M3 | G9: W.WGEN | H9: 11180 | I9: 50976 | J9: 18800000 | K9: 1 | L9: 7 | M9: OK | N9: 44785 | O9: 1 | P9: OK | Q9: - | R9: OK | S9: 1 | T9: OK | U9: 6 | V9: Gustavo V. / Sebastian C. | W9: OK | X9: 8 | Y9: Carlos G. / Maxi R. | Z9: OK | AA9: 1 | AB9: - | AC9: OK | AD9: - | AE9: Cuadrilla Richard | AF9: OK | AG9: - | AH9: - | BG9: 3 GL | BH9: PLANTA | BI9: PLANTA
A10: 3 | B10: 1364 | C10: CENTRO EQUIPOS | D10: MIES | E10: COMBUSTIBLE | F10: 18 M³ ALTO FLUJO | G10: INTERNATIONAL | H10: 7600 | I10: 243216 | J10: 87400000 | K10: 0.98 | L10: - | M10: - | N10: - | O10: 1 | P10: OK | Q10: - | R10: OK | S10: 1 | T10: OK | U10: 16 | V10: - | W10: OK | X10: 11 | Y10: Carlos G. / Maxi R. | Z10: OK | AA10: 3 | AB10: Ronal F. / Cristian F. | AC10: EN PROCESO | AD10: - | AE10: Cuadilla Gonzalo | AF10: EN PROCESO | AG10: - | AH10: Andres D. / Diego | AI10: FALTA CAMION | AK10: POR DEFINIR | AL10: SI | AM10: --------------- | AS10: 4" | AT10: PLANTA | AU10: m25 - m10 | AV10: PLANTA | AW10: valvulas | AX10: PLANTA | AY10: 1"-11/2" - 21/2" | AZ10: PLANTA | BA10: 1" - 11/2" - 21/2" | BB10: PLANTA | BC10: 1" - 11/2" . - VR 300 | BD10: SOLICITADA | BE10: 300 glp | BF10: SOLICITADA | BG10: 4 GL | BH10: PLANTA | BI10: PLANTA
A11: Entregado | B11: 1300 | C11: CENTRO EQUIPOS | D11: CARMONA | E11: CARROCERIA MINERA | F11: 6400X2600X4X500 | G11: V.WAGEN | H11: 17280 | I11: 17741 | J11: 7200000 | K11: 1 | L11: 7 | M11: OK | N11: 44783 | O11: 1 | P11: OK | Q11: - | R11: OK | S11: 1 | T11: OK | U11: 3 | V11: Hector G. / Rene P. | W11: OK | X11: - | Y11: Javier M. / Moises B. | Z11: OK | AA11: - | AB11: - | AC11: NO APLICA | AD11: - | AE11: - | AF11: OK | AG11: - | AH11: - | BG11: 2 GL | BH11: PLANTA | BI11: PLANTA
A12: Entregado | B12: 1325 | C12: CENTRO EQUIPOS | D12: VOLVO / SANCHEZ MONTOYA | E12: ALJIBE | F12: 20 M3 INOX | G12: VOLVO | H12: VM 330 | I12: 181244 | J12: 25000000 | K12: 1 | L12: 3 | M12: OK | N12: 44757 | O12: 1 | P12: OK | Q12: - | R12: OK | S12: 2 | T12: OK | U12: 5.5 | V12: Gustavo V. / Sebastian C. | W12: OK | X12: 6 | Y12: Richard H, / Sergio Z. | Z12: OK | AA12: 1.5 | AB12: Ketnel E. / Woodny J. | AC12: OK | AD12: 4.5 | AE12: - | AF12: OK | AG12: 2.5 | AH12: - | BG12: 4 GL | BH12: PLANTA | BI12: PLANTA
A13: Entregado | B13: 1435 | C13: ETP | D13: PAVEZ Y PAVEZ | E13: COMBUSTIBLE | F13: 15 M³ | G13: M.BENZ | H13: 2430 | I13: 254928 | J13: 37800000 | K13: 1 | L13: 7 | M13: OK | N13: 44781 | O13: 1 | P13: OK | Q13: - | R13: OK | S13: 2 | T13: OK | U13: 9.5 | V13: Gustavo V. / Sebastian C. | W13: OK | X13: 11 | Y13: Carlos G. / Maxi R. | Z13: OK | AA13: 2.5 | AB13: Ronal F. / Cristian F. | AC13: OK | AD13: 10 | AE13: Cuadilla Gonzalo | AF13: OK | AG13: - | AH13: Diego / Ricardo | BE13: 36 | BG13: 3 GL | BH13: PLANTA | BI13: PLANTA
A14: Entregado | B14: 1343 | C14: CENTRO EQUIPOS | D14: OSERVIN | E14: ALJIBE | F14: 20 M³ INOX | G14: V.WAGEN | H14: 32360 | I14: 38102 | J14: 32800000 | K14: 1 | L14: 3 | M14: OK | N14: 44757 | O14: 1 | P14: OK | Q14: - | R14: OK | S14: 2 | T14: OK | U14: 5 | V14: John A. / Nelson N. | W14: OK | X14: 5.5 | Y14: Javier M. / Moises B. | Z14: OK | AA14: 1.5 | AB14: Ronal F. / Cristian F. | AC14: OK | AD14: 4.5 | AE14: - | AF14: OK | AG14: 2.5 | AH14: - | BG14: 4 GL | BH14: PLANTA | BI14: PLANTA
A15: Entregado | B15: 1242 | C15: ETP | D15: JUAN CONTRERAS | E15: ALJIBE | F15: 20 M³ INOX | G15: V.WAGEN | H15: 31330 | I15: 19646 | J15: 29900000 | K15: 1 | L15: 7 | M15: OK | N15: 44783 | O15: 1 | P15: OK | Q15: - | R15: OK | S15: 2 | T15: OK | U15: 6.5 | V15: Paolo T. / Enrique T. | W15: OK | X15: 5.5 | Y15: Richard H, / Sergio Z. | Z15: OK | AA15: 1.5 | AB15: Ronal F. / Cristian F. | AC15: OK | AD15: - | AE15: Cuadilla Gonzalo | AF15: EN PROCESO | AG15: - | AH15: - | BG15: 4 GL | BH15: PLANTA | BI15: PLANTA
A16: Entregado | B16: 1446 | C16: ETP | D16: EQUIPOS Y CAMIONES | E16: ALJIBE | F16: 12 M³ INOX + MOTOBOMBA | G16: HINO | H16: 1826 | I16: 11035 | J16: 26000000 | K16: 1 | L16: 6 | M16: OK | N16: 44775 | O16: 1 | P16: OK | Q16: - | R16: OK | S16: 1.5 | T16: OK | U16: 7.5 | V16: Gustavo V. / Sebastian C. | W16: OK | X16: 6 | Y16: Carlos G. / Maxi R. | Z16: OK | AA16: 1.5 | AB16: Ketnel E. / Woodny J. | AC16: OK | AD16: 3.5 | AE16: Cuadrilla Gonzalo | AF16: OK | AG16: 1.5 | AH16: Juan T. / Diego / Ricardo | BG16: BLANCO | BH16: PULIDO | BI16: PLANTA
A17: Entregado | B17: 1447 | C17: ETP | D17: EQUIPOS Y CAMIONES | E17: ALJIBE | F17: 12 M³ INOX + MOTOBOMBA | G17: HINO | H17: 1826 | I17: 11109 | J17: 26000000 | K17: 1 | L17: 6 | M17: OK | N17: 44775 | O17: 1 | P17: OK | Q17: - | R17: OK | S17: 1.5 | T17: OK | U17: 7.5 | V17: John A. / Nelson N. | W17: OK | X17: 5 | Y17: Juan A. / Manuel F. / Luis C. | Z17: OK | AA17: 1.5 | AB17: Ketnel E. / Woodny J. | AC17: OK | AD17: 3.5 | AE17: Cuadrilla Gonzalo | AF17: OK | AG17: 1 | AH17: Juan T. / Diego / Ricardo | BG17: BLANCO | BH17: PULIDO | BI17: PLANTA
A18: Entregado | B18: PTO 153 | C18: CENTRO EQUIPOS | D18: MIES | E18: COMBUSTIBLE | F18: 5 M3 | G18: M.BENZ | H18: - | I18: - | J18: - | K18: 1 | L18: - | M18: - | O18: 0.5 | P18: OK | Q18: - | R18: OK | S18: - | T18: NO APLICA | U18: - | V18: - | W18: OK | X18: - | Y18: Carlos G. / Maxi R. | Z18: OK | AA18: - | AB18: Ronal F. / Cristian F. | AC18: OK | AD18: - | AE18: - | AF18: OK | AG18: - | AH18: -
A19: Entregado | B19: PTO 158 | C19: ETP | D19: ICV | E19: COMBUSTIBLE | F19: 15 M³ | G19: MAC | H19: GU813 | I19: - | J19: - | K19: 1 | L19: - | M19: - | O19: 0.5 | P19: OK | Q19: - | R19: OK | S19: - | T19: NO APLICA | U19: - | V19: - | W19: OK | X19: - | Y19: Carlos G. / Maxi R. | Z19: OK | AA19: - | AB19: Ketnel E. / Woodny J. | AC19: OK | AD19: - | AE19: - | AF19: OK | AG19: - | AH19: -
A20: Entregado | B20: 1121 | C20: ETP | D20: PORSCHE | E20: TOLVA | F20: 3.5 | G20: V.WAGEN | H20: 11180 | I20: 14247 | J20: - | K20: 1 | L20: - | M20: - | N20: 44763 | O20: 0.5 | P20: OK | Q20: - | R20: OK | S20: - | T20: NO APLICA | U20: - | V20: - | W20: OK | X20: - | Y20: Richard H, / Sergio Z. | Z20: OK | AA20: - | AB20: Ketnel E. / Woodny J. | AC20: NO APLICA | AD20: - | AE20: - | AF20: OK | AG20: - | AH20: -
A21: Entregado | C21: CENTRO EQUIPOS | D21: MIES | E21: CARROCERIA MINERA | F21: PLATAFORMA CON GRUA | G21: INTERNATIONAL | H21: - | I21: GFFR94 | J21: - | K21: 1 | L21: - | M21: - | O21: 0.5 | P21: OK | Q21: - | R21: OK | S21: - | T21: NO APLICA | U21: - | V21: - | W21: OK | X21: - | Y21: Jonathan E. / Sergio M. | Z21: OK | AA21: - | AB21: Ketnel E. / Woodny J. | AC21: NO APLICA | AD21: - | AE21: - | AF21: NO APLICA | AG21: - | AH21: -
C45: Mix de Producto | E45: Cliente Interno | H45: Total equipo Julio | I45: =SUM(O2:O44) -> 18 | J45: =SUM(J2:J44) -> 438700000 | K45: =SUM(P45:AH45) -> 1 | P45: 0.03 | R45: 0.1 | T45: 0.3 | W45: 0.3 | Z45: 0.1 | AC45: 0.12 | AF45: 0.05
C46: ALJIBE | D46: =SUMIF($E$2:$E$44,C46,$O$2:$O$44) -> 6 | E46: ETP | F46: =SUMIF($C$2:$C$44,E46,$O$2:$O$47) -> 8 | M46: Equipo Fab hasta
C47: ATMOSFERICO | D47: =SUMIF($E$2:$E$44,C47,$O$2:$O$44) -> 0 | E47: CENTRO EQUIPOS | F47: =SUMIF($C$2:$C$44,E47,$O$2:$O$47) -> 10 | H47: Equ. Fab. Y Facturado | J47: =SUMIF(K2:K44,K47,J2:J44) -> 351300000 | K47: 1 | N47: =SUMIF($K$2:$K$44,K47,$O$2:$O$44) -> 17
C48: CARROCERIA MINERA | D48: =SUMIF($E$2:$E$44,C48,$O$2:$O$44) -> 1.5 | H48: Equ. Facturado semanal | I48: 27/06 a 02/07 | J48: =SUMIF($L$2:$L$44,K48,$J$2:$J$44) -> 0 | K48: 1
C49: COMBUSTIBLE | D49: =SUMIF($E$2:$E$44,C49,$O$2:$O$44) -> 5 | H49: Equ. Facturado semanal | I49: 04/07 a 09/07 | J49: =SUMIF($L$2:$L$44,K49,$J$2:$J$44) -> 14700000 | K49: 2
C50: COMBUSTIBLE AVIACION | D50: =SUMIF($E$2:$E$44,C50,$O$2:$O$44) -> 0 | H50: Equ. Facturado semanal | I50: 11/07 a 16/07 | J50: =SUMIF($L$2:$L$44,K50,$J$2:$J$44) -> 57800000 | K50: 3
C51: LUBRICADOR | D51: =SUMIF($E$2:$E$44,C51,$O$2:$O$44) -> 0 | H51: Equ. Facturado semanal | I51: 18/07 a 23/07 | J51: =SUMIF($L$2:$L$44,K51,$J$2:$J$44) -> 58900000 | K51: 4
C52: TOLVA | D52: =SUMIF($E$2:$E$44,C52,$O$2:$O$44) -> 5.5 | H52: Equ. Facturado semanal | I52: 25/07 a 30/07 | J52: =SUMIF($L$2:$L$44,K52,$J$2:$J$44) -> 21000000 | K52: 5
H53: Equ. Facturado semanal | I53: 01/08 a 06/08 | J53: =SUMIF($L$2:$L$44,K53,$J$2:$J$44) -> 52000000 | K53: 6
C54: Total | D54: =SUM(D46:D53) -> 18 | E54: Total | F54: =SUM(F46:F53) -> 18 | H54: Equ. Facturado semanal | I54: 08/08 a 13/08 | J54: =SUMIF($L$2:$L$44,K54,$J$2:$J$44) -> 146900000 | K54: 7
H55: Equ. Facturado semanal | I55: 15/08 a 20/08 | J55: =SUMIF($L$2:$L$44,K55,$J$2:$J$44) -> 0 | K55: 8
H56: Equ. Facturado semanal | I56: 22/08 a 27/08 | J56: =SUMIF($L$2:$L$44,K56,$J$2:$J$44) -> 0 | K56: 9
H57: Equ. Facturado semanal | I57: 29/08 a 03/09 | J57: =SUMIF($L$2:$L$44,K57,$J$2:$J$44) -> 0 | K57: 10
A59: Observaciones | I59: Atrasos por Areas | J59: Motivos de Atrasos
A60: 44743 | B60: Vie | C60: Ausencia de personal area de fabricacion propia (Pedro Fernandez) Licencia Medica | J60: AP
A61: 44743 | B61: Vie | C61: Ausencian de personal area montaje (Maxi Rojas) | I61: MON-A | J61: AP
A62: 44743 | B62: Vie | C62: Una cuadrilla de 2 persona en montaje trabaja en equipos de PTO por falta de equipos para montaje | I62: MON-A | J62: ET
A63: 44743 | B63: Vie | C63: Una cuadrilla de 2 persona en montaje trabaja en Reparacion de tolva de 24M³ | I63: MON-A | J63: GA
A64: 44743 | B64: Vie | C64: Una cuadrilla de 2 persona en area hidraulica estanque de comb. 5M³ cliente Mies (OT PTO) | I64: HID-A | J64: CAP
A65: =+A60+1 -> 44744 | B65: Sab | C65: Una cuadrilla de 2 persona en montaje trabaja en Reparacion de tolva de 24M³ | I65: MON-A | J65: GA
A66: 44744 | B66: Sab | C66: Una cuadrilla de 2 persona en montaje trabaja en Reparacion de puerta estanque atm. Sacyr | I66: MON-A | J66: REP
A67: =+A65+1 -> 44745 | B67: Dom
A68: =+A67+1 -> 44746 | B68: Lun | C68: Ausencia de personal area de fabricacion propia (Pedro Fernandez) Licencia Medica | J68: AP
A69: 44746 | B69: Lun | C69: Ausente medio dia Nelson natanael atraso en ot 1343 | I69: AR-A | J69: AP
A70: 44746 | B70: Lun | C70: Atraso en el area de pintura por camion en pana OT 1364 Comb 18M³ atrasa trabajao en ot 1431 Atm 2,5 + 1 | I70: PIN-A | J70: PC
A71: 44746 | B71: Lun | C71: Una cuadrilla de 2 persona en montaje trabaja en equipos de PTO por falta de equipos para montaje | I71: MON-A | J71: ET
A72: 44746 | B72: Lun | C72: Una cuadrilla de 2 persona en montaje trabaja en Reparacion de tolva de 24M³ | I72: MON-A | J72: GA
A73: 44746 | B73: Lun | C73: Una cuadrilla de 2 persona en montaje trabaja en Reparacion de puerta estanque atm. Sacyr | I73: MON-A | J73: REP
A74: 44746 | B74: Lun | C74: Personal hidraulico trabaja en equipos del mes anterior | I74: HID-A | J74: CAP
A75: =+A68+1 -> 44747 | B75: Mar | C75: Ausencia de personal area de fabricacion propia (Pedro Fernandez) Licencia Medica | J75: AP
A76: 44747 | B76: Mar | C76: Personal hidraulico trabaja en equipos del mes anterior | I76: HID-A | J76: CAP
A77: 44747 | B77: Mar | C77: Atraso en OT 1431 en el area hidraulica por problema en camion | I77: HID-A | J77: PC
A78: =+A75+1 -> 44748 | B78: Mie | C78: Ausencia de personal area de fabricacion propia (Pedro Fernandez) Licencia Medica | J78: AP
A79: 44748 | B79: Mie | C79: Una cuadrilla de 2 persona en montaje trabaja en equipos del mes de junio OT 1436 | I79: MON-A | J79: REP
A80: 44748 | B80: Mie | C80: Atraso en nel area de montaje por error en plano que amerita desmontaje de limon y colocacion de nuevo limones | I80: MON-A | J80: REP
A81: 44748 | B81: Mie | C81: Personal de hidraulica dividido atendiendo equipos de Junio y julio | I81: HID-A | J81: CAP
A82: 44748 | B82: Mie | C82: Area de Corte y plegado se encuentra parada por falta de plano para procesar materia prima | I82: CP-A | J82: ET
A83: 44748 | B83: Mie | C83: Una cuadrilla de 2 persona en el area hidraulica trabaja en garantia OT 1202 | I83: HID-A | J83: GA
A84: =+A78+1 -> 44749 | B84: Jue | C84: Ausencia de personal area de fabricacion propia (Pedro Fernandez) Licencia Medica | J84: AP
A85: 44749 | B85: Jue | C85: Ausente personal area de armado Rene Polo atraso en ot 1417 | I85: AR-A | J85: AP
A86: 44749 | B86: Jue | C86: Ausente personal area de pintura Jeanty Woodny | I86: PIN-A | J86: AP
A87: 44749 | B87: Jue | C87: Falla en yale | J87: FM
A88: 44749 | B88: Jue | C88: Atraso en ot 1364 y 1343 por falta de material | I88: HID-A | J88: FMAT
A89: =+A84+1 -> 44750 | B89: Vie | C89: Ausencia de personal area de fabricacion propia (Pedro Fernandez) Licencia Medica | J89: AP
A90: 44750 | B90: Vie | C90: Falla en yale | J90: FM
A91: =+A89+1 -> 44751 | B91: Sab | C91: Se cito personal de montajepara trabajar en OT 158 PTO y ot 1322 Reporceso | J91: REP
A92: =+A91+1 -> 44752 | B92: Dom
A93: =+A92+1 -> 44753 | B93: Lun | C93: Ausencia de personal area de fabricacion propia (Pedro Fernandez) Licencia Medica | J93: AP
A94: 44753 | B94: Lun | C94: Atraso en ot 1343 por falta de material T y codo vitaulic | I94: HID-A | J94: FMAT
A95: =+A93+1 -> 44754 | B95: Mar | C95: Ausencia de personal area de fabricacion propia (Pedro Fernandez) Licencia Medica | J95: AP
A96: 44754 | B96: Mar | C96: Ausencia de personal aera hidraulica Richard Obreque y Magdiel Obreque por reparacion de equipos (Garantia) | I96: HID-A | J96: GA
A97: =+A95+1 -> 44755 | B97: Mie | C97: Ausencia de personal area de fabricacion propia (Pedro Fernandez) Licencia Medica | J97: AP
A98: 44755 | B98: Mie | C98: Ausencia de personal aera hidraulica Richard Obreque y Magdiel Obreque por reparacion de equipos (Garantia) | I98: HID-A | J98: GA
A99: =+A97+1 -> 44756 | B99: Jue | C99: Ausencia de personal area de fabricacion propia (Pedro Fernandez) Licencia Medica | J99: AP
A100: 44756 | B100: Jue | C100: Ausencia de personal aera hidraulica Richard Obreque y Magdiel Obreque por reparacion de equipos (Garantia) | I100: HID-A | J100: GA
A101: 44756 | B101: Jue | C101: Atraso en OT 1411 por falta de eje | I101: HID-A | J101: FMAT
A102: =+A99+1 -> 44757 | B102: Vie | C102: Ausencia de personal area de fabricacion propia (Pedro Fernandez) Licencia Medica | J102: AP
A103: 44757 | B103: Vie | C103: Ausencia de personal aera hidraulica Richard Obreque y Magdiel Obreque por reparacion de equipos (Garantia) | I103: HID-A | J103: GA
A104: 44757 | B104: Vie | C104: Reproceso en ot 1325 por oxido dentro del estanque | I104: PIN-A | J104: REP
A105: =+A102+1 -> 44758 | B105: Sab
A106: =+A105+1 -> 44759 | B106: Dom
A107: =+A106+1 -> 44760 | B107: Lun | C107: Ausencia de personal area de fabricacion propia (Pedro Fernandez) Licencia Medica | J107: AP
A108: 44760 | B108: Lun | C108: Ausente personal area de armado Hector Gonzalez atraso en ot 1312 | I108: AR-A | J108: AP
A109: 44760 | B109: Lun | C109: Falla en mesa de corte problema con el compresor | I109: CP-A | J109: FM
A110: 44760 | B110: Lun | C110: Una cuadrilla de 2 persona trabaja en modificacion OT 1121 | I110: MON-A | J110: REP
A111: 44760 | B111: Lun | C111: Ausente personal area de terminaciones Jorge Maureira Licncia medica | I111: TERM-A | J111: AP
A112: 44760 | B112: Lun | C112: Ausencia de personal aera hidraulica Richard Obreque y Magdiel Obreque por reparacion de equipos (Garantia) | I112: HID-A | J112: GA
A113: =+A107+1 -> 44761 | B113: Mar | C113: Ausencia de personal area de fabricacion propia (Pedro Fernandez) Licencia Medica | J113: AP
A114: 44761 | B114: Mar | C114: Ausente personal area de armado Gustavo vega atraso en ot 1446 | I114: AR-A | J114: AP
A115: 44761 | B115: Mar | C115: Ausente personal area de armado Sebastian candia atraso en ot 1446 | I115: AR-A | J115: AP
A116: 44761 | B116: Mar | C116: Ausente personal area de pintura Ketnel Exama (Medio dia) | I116: PIN-A | J116: AP
A117: 44761 | B117: Mar | C117: Ausente personal area de montaje Javier Melillan (Medio dia) | I117: MON-A | J117: AP
A118: 44761 | B118: Mar | C118: Falla en mesa de corte problema con el compresor | I118: CP-A | J118: FM
A119: 44761 | B119: Mar | C119: Ausente personal area de terminaciones Jorge Maureira Licncia medica | I119: TERM-A | J119: AP
A120: 44761 | B120: Mar | C120: Ausencia de personal aera hidraulica Richard Obreque y Magdiel Obreque por reparacion de equipos (Garantia) | I120: HID-A | J120: GA
A121: 44761 | B121: Mar | C121: Reproceso en ot 1343 por oxido dentro del estanque | I121: PIN-A | J121: REP
A122: 44761 | B122: Mar | C122: Una cuadrilla de 2 persona trabaja en modificacion OT 1121 area de montaje | I122: MON-A | J122: REP
A123: 44761 | B123: Mar | C123: Falta de material para OT 1437 perfiles en 3 mm | I123: AR-A | J123: FMAT
A124: =+A113+1 -> 44762 | B124: Mie | C124: Ausencia de personal area de fabricacion propia (Pedro Fernandez) Licencia Medica | J124: AP
...

Sheet AGO-22
A1: Prioridad | B1: OT | C1: Cliente Interno | D1: Cliente | E1: Equipo | F1: Modelo/Capacidad | G1: Camion | H1: Modelo | I1: Vin / Patente | J1: VALOR NETO | K1: % | L1: SM | N1: Fecha | P1: INGENIERIA | Q1: Dia | R1: CORTE Y PLEGADO | S1: Dia | T1: ARMADO | U1: Dia | V1: CUADRILLA | W1: MONTAJE | X1: Dia | Y1: CUADRILLA | Z1: PINTURA | AA1: Dia | AB1: CUADRILLA | AC1: HIDRAULICA | AD1: Dia | AE1: CUADRILLA | AF1: TERMINACIONES | AG1: Dia | AH1: CUADRILLA | AI1: PTO | AJ1: STOCK | AK1: BBA H | AL1: STOCK | AM1: CILINDRO | AN1: STOCK | AO1: DERIVADORA | AP1: MOTOR H | AQ1: BBA CENT. | AR1: BBA VACIO | AS1: Bomba Comb. | AT1: Stock | AU1: Cuenta Litro | AV1: Stock | AW1: Kit Combustible | AX1: Stock | AY1: Carrete | AZ1: Stock | BA1: Manguera | BB1: Stock | BC1: Pistola | BD1: Stock | BE1: Microfiltro | BF1: STOCK | BG1: Pintura | BH1: Stock | BI1: Acero
A2: Entregado | B2: 1417 | C2: CENTRO EQUIPOS | D2: BOMBEROS | E2: ALJIBE | F2: 10 M3 | G2: M.BENZ | H2: 1726 | I2: 243894 | J2: 23580000 | K2: 1 | L2: 5 | M2: OK | N2: 44810 | O2: 1 | P2: OK | Q2: - | R2: OK | S2: 1 | T2: OK | U2: 5 | V2: Hector G. / Rene P. | W2: OK | X2: 20 | Y2: Jonathan E. / Sergio M. | Z2: OK | AA2: - | AB2: Ronal F. / Cristian F. | AC2: OK | AD2: - | AE2: - | AF2: OK | AG2: - | AH2: - | BG2: 5 GL | BH2: PLANTA | BI2: PLANTA
A3: Entregado | B3: 1443 | C3: CENTRO EQUIPOS | D3: PROGRESO / CONSUELO ANITA BELEN | E3: COMBUSTIBLE | F3: 6 M³ | G3: CHEVROLET | H3: 1119 | I3: 7000165 | J3: 34800000 | K3: 1 | L3: 3 | M3: OK | N3: 44791 | O3: 1 | P3: OK | Q3: - | R3: OK | S3: 2 | T3: OK | U3: 5 | V3: Gustavo V. / Sebastian C. | W3: OK | X3: 6 | Y3: Carlos G. / Maxi R. | Z3: OK | AA3: - | AB3: - | AC3: OK | AD3: - | AE3: - | AF3: OK | AG3: - | AH3: - | BG3: 4 GL | BH3: PLANTA | BI3: PLANTA
A4: Entregado | B4: 1366 | C4: CENTRO EQUIPOS | D4: MAESTRANZA ALEMANIA | E4: COMBUSTIBLE | F4: 2 M³ MEDIANO FLUJO | G4: V.WAGEN | H4: 9170 | I4: 5459 | J4: 37400000 | K4: 1 | L4: 7 | M4: OK | O4: 1 | P4: OK | Q4: - | R4: OK | S4: 1.5 | T4: OK | U4: 5 | V4: Hector G. / Rene P. | W4: OK | X4: 8 | Y4: Juan A. / Luis C. / Manuel F. | Z4: OK | AA4: - | AB4: Ketnel E. / Woodny J. | AC4: OK | AD4: - | AE4: - | AF4: OK | AG4: - | AH4: - | BI4: PLANTA
A5: Entregado | B5: 1437 | C5: ETP | D5: INCOLUR | E5: LUBRICADOR | F5: FURGON CERRADO | G5: M.BENZ | H5: 1726 | I5: 248610 | J5: 50000000 | K5: 1 | L5: 5 | M5: OK | N5: 44802 | O5: 1 | P5: OK | Q5: - | R5: OK | S5: 1.5 | T5: OK | U5: 12 | V5: PTO | W5: EN PROCESO | X5: - | Y5: Cuadrilla Richard | Z5: OK | AA5: - | AB5: - | AC5: OK | AD5: - | AE5: - | AF5: OK | AG5: - | AH5: -
A6: Entregado | B6: 1404 | C6: ETP | D6: JUAN CONTRERAS | E6: COMBUSTIBLE | F6: 5 M³ | G6: V.WAGEN | H6: 9170 | I6: 10115 | J6: 23900000 | K6: 1 | L6: 4 | M6: OK | N6: 44799 | O6: 1 | P6: OK | Q6: - | R6: OK | S6: 2 | T6: OK | U6: 4.5 | V6: John A. / Nelson N. | W6: OK | X6: 7 | Y6: Jonathan E. / Sergio M. | Z6: OK | AA6: - | AB6: - | AC6: OK | AD6: - | AE6: - | AF6: OK | AG6: - | AH6: - | BG6: 3 GL | BH6: PLANTA | BI6: PLANTA
A7: Entregado | B7: 1304 | C7: CENTRO EQUIPOS | D7: VOLVO | E7: TOLVA | F7: TPI 14 M³ A 15 M³ | G7: VOLVO | H7: VM 330 | I7: 184029 | J7: 14700000 | K7: 1 | L7: 6 | M7: OK | N7: 44812 | O7: 1 | P7: OK | Q7: - | R7: OK | S7: 1.5 | T7: OK | U7: 2.5 | V7: Paolo T. / Enrique T. | W7: OK | X7: 3 | Y7: Richard H, / Sergio Z. | Z7: OK | AA7: 1 | AB7: Ketnel E. / Woodny J. | AC7: OK | AD7: - | AE7: Richard O. / Juan M. | AF7: OK | AG7: - | AH7: - | AM7: HYVA 137-3 | AN7: NO | BG7: 3 GL | BH7: PLANTA | BI7: PLANTA
A8: Entregado | B8: 1305 | C8: CENTRO EQUIPOS | D8: VOLVO | E8: TOLVA | F8: TPI 14 M³ A 15 M³ | G8: VOLVO | H8: VM 330 | I8: 184862 | J8: 14700000 | K8: 1 | L8: 8 | M8: OK | N8: 44825 | O8: 1 | P8: OK | Q8: - | R8: OK | S8: 1.5 | T8: OK | U8: 2.5 | V8: Paolo T. / Enrique T. | W8: OK | X8: 3 | Y8: Richard H, / Sergio Z. | Z8: OK | AA8: 1 | AB8: Ketnel E. / Woodny J. | AC8: OK | AD8: - | AE8: - | AF8: OK | AG8: - | AH8: - | AM8: HYVA 137-3 | AN8: SI | BG8: 3 GL | BH8: PLANTA | BI8: PLANTA
A9: Entregado | B9: 1339 | C9: CENTRO EQUIPOS | D9: OSERVIM | E9: ATMOSFERICO | F9: 10 M³ SOLO VACIO | G9: V.WAGEN | H9: 17280 | I9: 17840 | J9: 19000000 | K9: 1 | L9: 8 | M9: OK | N9: 44824 | O9: 1 | P9: OK | Q9: - | R9: OK | S9: 1.5 | T9: OK | U9: 4.5 | V9: Hector G. / Rene P. | W9: OK | X9: 4 | Y9: Carlos G. / Maxi R. | Z9: OK | AA9: - | AB9: - | AC9: OK | AD9: - | AE9: Richard O. | AF9: OK | AG9: - | AH9: - | BG9: 3 GL | BH9: PLANTA | BI9: PLANTA
A10: Entregado | B10: 1340 | C10: CENTRO EQUIPOS | D10: OSERVIM | E10: TOLVA | F10: TRE 10 M³ A 12 M³ INOX | G10: V.WAGEN | H10: 32360 | I10: 11772 | J10: 14900000 | K10: 1 | L10: 7 | M10: OK | N10: 44811 | O10: 1 | P10: OK | Q10: - | R10: OK | S10: 2 | T10: OK | U10: 8 | V10: Hector G. / Rene P. | W10: OK | X10: 3.5 | Y10: Javier M / Moises B. | Z10: OK | AA10: - | AB10: - | AC10: OK | AD10: - | AE10: - | AF10: OK | AG10: - | AH10: - | AM10: HYVA 157-4 | AN10: SI | BG10: 3 GL | BH10: PLANTA | BI10: SOLICITADO
A11: Entregado | B11: 1350 | C11: CENTRO EQUIPOS | D11: AUTOSUMMIT / RESIDUOS 3R | E11: ATMOSFERICO | F11: 12 M³ SOLO VACIO | G11: V.WAGEN | H11: 17280 | I11: 16615 | J11: 22400000 | K11: 1 | L11: 5 | M11: OK | N11: 44806 | O11: 1 | P11: OK | Q11: - | R11: OK | S11: 2 | T11: OK | U11: 6.5 | V11: Gustavo V. / Sebastian C. | W11: OK | X11: 6 | Y11: Javier M / Moises B. | Z11: OK | AA11: - | AB11: - | AC11: OK | AD11: - | AE11: - | AF11: OK | AG11: - | AH11: - | BG11: 3 GL | BH11: PLANTA | BI11: PLANTA
A12: Entregado | B12: 1301 | C12: CENTRO EQUIPOS | D12: ENEX | E12: COMBUSTIBLE | F12: 18 M³ ALTO FLUJO | G12: MACK | H12: GRANITE | I12: 3337 | J12: 95760000 | K12: 1 | L12: 8 | M12: OK | N12: 44826 | O12: 1 | P12: OK | Q12: - | R12: OK | S12: 2 | T12: OK | U12: 5 | V12: John A. / Nelson N. / Gustavo V. / Sebastian C. | W12: OK | X12: 7.5 | Y12: Carlos G. / Maxi R. | Z12: OK | AA12: - | AB12: - | AC12: OK | AD12: - | AE12: - | AF12: OK | AG12: - | AH12: - | BG12: 6 GL | BH12: PLANTA | BI12: PLANTA
A13: Entregado | B13: 1193 | C13: CENTRO EQUIPOS | D13: VOLVO | E13: TOLVA | F13: TFR 25 M3 + PUERTA MINERA | G13: VOLVO | H13: FMX | I13: S/C | J13: $19.500.000 | K13: 1 | L13: 3 | M13: OK | N13: 44790 | O13: 1 | P13: OK | Q13: - | R13: OK | S13: 2 | T13: OK | U13: 5 | V13: Paolo T. / Enrique T. | W13: OK | X13: 6 | Y13: Richard H, / Sergio Z. | Z13: OK | AA13: - | AB13: - | AC13: OK | AD13: - | AE13: - | AF13: OK | AG13: - | AH13: - | AM13: HYVA 169-4 | AN13: SI | BG13: 4 GL | BH13: PLANTA | BI13: PLANTA
A14: Entregado | B14: 1448 | C14: ETP | D14: KAUFMANN | E14: TOLVA | F14: TRE 6 M³ A 8 M³ | G14: M.BENZ | H14: 1726 | I14: S/C | J14: 11000000 | K14: 1 | L14: 4 | M14: OK | N14: 44799 | O14: 1 | P14: OK | Q14: - | R14: OK | S14: 3 | T14: OK | U14: 3 | V14: Paolo T. / Enrique T. | W14: OK | X14: 4 | Y14: Jonathan E. / Sergio M. | Z14: OK | AA14: 1 | AB14: - | AC14: OK | AD14: - | AE14: - | AF14: OK | AG14: - | AH14: -
A15: Entregado | B15: 1458 | C15: ETP | D15: NELSON GERARDO | E15: TOLVA | F15: MF 4 M³ | G15: V.WAGEN | H15: 11180 | I15: 11286 | J15: 9500000 | K15: 1 | L15: 6 | M15: OK | N15: 44812 | O15: 1 | P15: OK | Q15: - | R15: OK | S15: 2 | T15: OK | U15: 2.5 | V15: Hector G. / Rene P. | W15: OK | X15: 3 | Y15: Jonathan E. / Sergio M. | Z15: OK | AA15: 1 | AB15: Ketnel E. / Woodny J. | AC15: OK | AD15: - | AE15: - | AF15: OK | AG15: - | AH15: -
A16: Entregado | B16: 1457 | C16: CENTRO EQUIPOS | D16: SALFA | E16: ALJIBE | F16: 10 M³ | G16: CHEVROLET | H16: FVR 1826 | I16: 7000103 | J16: 25000000 | K16: 1 | L16: 7 | M16: OK | N16: 44823 | O16: 1 | P16: OK | Q16: - | R16: OK | S16: 3 | T16: OK | U16: 5 | V16: John A. / Nelson N. | W16: OK | X16: - | Y16: - | Z16: OK | AA16: 2 | AB16: Ronal F. / Cristian F. | AC16: OK | AD16: - | AE16: Gonzalo Flores | AF16: OK | AG16: - | AH16: -
A17: Entregado | B17: 1194 | C17: CENTRO EQUIPOS | D17: VOLVO | E17: TOLVA | F17: TOLVA LASTRE 8.5 M3 | G17: VOLVO | H17: - | I17: - | J17: 6500000 | K17: 1 | L17: 5 | M17: OK | N17: 44805 | O17: 1 | P17: OK | Q17: - | R17: OK | S17: - | T17: OK | U17: 5 | V17: John A. / Nelson N. | W17: OK | X17: 3 | Y17: Carlos G. / Manuel F. | Z17: OK | AA17: 1 | AB17: Ronal F. / Cristian F. | AC17: NO APLICA | AD17: - | AE17: - | AF17: OK | AG17: - | AH17: -
A18: Entregado | B18: 1195 | C18: CENTRO EQUIPOS | D18: VOLVO | E18: TOLVA | F18: TOLVA LASTRE 8.5 M3 | G18: VOLVO | H18: - | I18: - | J18: 6500000 | K18: 1 | L18: 6 | M18: OK | N18: 44810 | O18: 1 | P18: OK | Q18: - | R18: OK | S18: - | T18: OK | U18: 6.5 | V18: Gustavo V. / Sebastian C. | W18: OK | X18: 3 | Y18: Carlos G. / Manuel F. | Z18: OK | AA18: 1 | AB18: Ketnel E. / Woodny J. | AC18: NO APLICA | AD18: - | AE18: - | AF18: OK | AG18: - | AH18: -
A19: Entregado | B19: 1381 | C19: CENTRO EQUIPOS | D19: OSERVIM | E19: ATMOSFERICO | F19: 10 M³ SOLO VACIO | G19: V.WAGEN | H19: - | I19: 18310 | J19: 19000000 | K19: 1 | L19: 9 | M19: OK | N19: 44840 | O19: 1 | P19: OK | Q19: - | R19: OK | S19: 1.5 | T19: OK | U19: 3 | V19: John A. / Nelson N. | W19: OK | X19: 6 | Y19: Juan A. / Luis C. | Z19: OK | AA19: 2 | AB19: Ketnel E. / Woodny J. | AC19: OK | AD19: - | AE19: Gonzalo Flores | AF19: OK | AG19: - | AH19: - | BG19: 4 GL | BH19: PLANTA | BI19: PLANTA
C21: Mix de Producto | E21: Cliente Interno | H21: Total equipo Agosto | I21: =SUM(O2:O19) -> 18 | J21: =SUM(J2:J19) -> 428640000 | K21: =SUM(P21:AH21) -> 1 | P21: 0.03 | R21: 0.1 | T21: 0.3 | W21: 0.3 | Z21: 0.1 | AC21: 0.12 | AF21: 0.05
C22: ALJIBE | D22: =SUMIF($E$2:$E$19,C22,$O$2:$O$19) -> 2 | E22: ETP | F22: =SUMIF($C$2:$C$19,E22,$O$2:$O$19) -> 4 | M22: Equipo Fab hasta
C23: ATMOSFERICO | D23: =SUMIF($E$2:$E$19,C23,$O$2:$O$19) -> 3 | E23: CENTRO EQUIPOS | F23: =SUMIF($C$2:$C$19,E23,$O$2:$O$19) -> 14 | H23: Equ. Fab. Y Facturado | J23: =SUMIF(K2:K19,K23,J2:J19) -> 428640000 | K23: 1 | N23: =SUMIF($K$2:$K$19,K23,$O$2:$O$19) -> 18
C24: CARROCERIA MINERA | D24: =SUMIF($E$2:$E$19,C24,$O$2:$O$19) -> 0 | H24: Equ. Facturado semanal | I24: 01/08 a 06/08 | J24: =SUMIF($L$2:$L$19,K24,$J$2:$J$19) -> 0 | K24: 1
C25: COMBUSTIBLE | D25: =SUMIF($E$2:$E$19,C25,$O$2:$O$19) -> 4 | H25: Equ. Facturado semanal | I25: 08/08 a 13/08 | J25: =SUMIF($L$2:$L$19,K25,$J$2:$J$19) -> 0 | K25: 2
C26: COMBUSTIBLE AVIACION | D26: =SUMIF($E$2:$E$19,C26,$O$2:$O$19) -> 0 | H26: Equ. Facturado semanal | I26: 15/08 a 20/08 | J26: =SUMIF($L$2:$L$19,K26,$J$2:$J$19) -> 34800000 | K26: 3
C27: CARROCERIA MINERA | D27: =SUMIF($E$2:$E$19,C27,$O$2:$O$19) -> 0 | H27: Equ. Facturado semanal | I27: 22/08 a 27/08 | J27: =SUMIF($L$2:$L$19,K27,$J$2:$J$19) -> 34900000 | K27: 4
C28: LUBRICADOR | D28: =SUMIF($E$2:$E$19,C28,$O$2:$O$19) -> 1 | H28: Equ. Facturado semanal | I28: 29/08 a 03/09 | J28: =SUMIF($L$2:$L$19,K28,$J$2:$J$19) -> 102480000 | K28: 5
C29: TOLVA | D29: =SUMIF($E$2:$E$19,C29,$O$2:$O$19) -> 8 | H29: Equ. Facturado semanal | I29: 05/09 a 10/09 | J29: =SUMIF($L$2:$L$19,K29,$J$2:$J$19) -> 30700000 | K29: 6
H30: Equ. Facturado semanal | I30: 12/09 a 17/09 | J30: =SUMIF($L$2:$L$19,K30,$J$2:$J$19) -> 77300000 | K30: 7
C31: Total | D31: =SUM(D22:D30) -> 18 | E31: Total | F31: =SUM(F22:F30) -> 18 | H31: Equ. Facturado semanal | I31: 19/09 a 24/09 | J31: =SUMIF($L$2:$L$19,K31,$J$2:$J$19) -> 129460000 | K31: 8
H32: Equ. Facturado semanal | I32: 26/09 a 01/10 | J32: =SUMIF($L$2:$L$19,K32,$J$2:$J$19) -> 19000000 | K32: 9
A35: Observaciones | I35: Atrasos por Areas | J35: Motivos de Atrasos
A36: 44774 | B36: Lun
A37: =+A36+1 -> 44775 | B37: Mar
A38: =+A37+1 -> 44776 | B38: Mie
A39: =+A38+1 -> 44777 | B39: Jue
A40: =+A39+1 -> 44778 | B40: Vie
A41: =+A40+1 -> 44779 | B41: Sab
A42: =+A41+1 -> 44780 | B42: Dom
A43: =+A42+1 -> 44781 | B43: Lun
A44: =+A43+1 -> 44782 | B44: Mar
A45: =+A44+1 -> 44783 | B45: Mie
A46: =+A45+1 -> 44784 | B46: Jue
A47: =+A46+1 -> 44785 | B47: Vie
A48: =+A47+1 -> 44786 | B48: Sab
... A66: =+A65+1 -> 44804 | B66: Mie
A68: LEYENDA DE ATRASOS POR AREAS
A69: =COUNTIF($I$36:$I$69,B69) -> 0 | B69: ING-A | C69: INGENIERIA = ING-ATRASO
A70: =COUNTIF($I$36:$I$69,B70) -> 0 | B70: CP-A | C70: CORTE Y PLEGADO = CP-ATRASO
A71: =COUNTIF($I$36:$I$69,B71) -> 0 | B71: AR-A | C71: ARMADO Y REMATE = AR-ATRASO
A72: =COUNTIF($I$36:$I$69,B72) -> 0 | B72: MON-A | C72: MONTAJE = MON-ATRASO
A73: =COUNTIF($I$36:$I$69,B73) -> 0 | B73: HID-A | C73: HIDRAULICA = HID-ATRASO
A74: =COUNTIF($I$36:$I$69,B74) -> 0 | B74: PIN-A | C74: PINTURA = PIN-ATRASO
A75: =COUNTIF($I$36:$I$69,B75) -> 0 | B75: TERM-A | C75: TERMINACIONES = TERM-ATRASO
A76: =COUNTIF($I$36:$I$69,B76) -> 0 | B76: VEN-A | C76: VENTAS = VEN-ATRASO
A77: =COUNTIF($I$36:$I$69,B77) -> 0 | B77: PS-A | C77: PATIO STOCK = PS-ATRASO
A78: =COUNTIF($I$36:$I$69,B78) -> 0 | B78: TMI | C78: TIEMPO MUERTO INICIO = TMI
A79: =COUNTIF($I$36:$I$69,B79) -> 0 | B79: TMS | C79: TIEMPO MUERTO STOCK = TMS
A85: MOTIVOS DE ATRASOS
A86: =COUNTIF($J$36:$J$69,B86) -> 0 | B86: FM | C86: FALLA MAQUINARIA
A87: =COUNTIF($J$36:$J$69,B87) -> 0 | B87: FMAT | C87: FALTA MATERIAL
A88: =COUNTIF($J$36:$J$69,B88) -> 0 | B88: FS | C88: FALLA SUMINISTRO
A89: =COUNTIF($J$36:$J$69,B89) -> 0 | B89: FH | C89: FALTA HERRAMIENTA
A90: =COUNTIF($J$36:$J$69,B90) -> 0 | B90: AP | C90: AUSENCIA PERSONAL
A91: =COUNTIF($J$36:$J$69,B91) -> 0 | B91: EP | C91: ESPERA PROSESO
A92: =COUNTIF($J$36:$J$69,B92) -> 0 | B92: CAP | C92: CAMBIO PRIORIDAD
A93: =COUNTIF($J$36:$J$69,B93) -> 0 | B93: PC | C93: PROBLEMA EN CAMION
A94: =COUNTIF($J$36:$J$69,B94) -> 0 | B94: REP | C94: REPROCESO
A95: =COUNTIF($J$36:$J$69,B95) -> 0 | B95: GA | C95: GARANTIA
A96: =COUNTIF($J$36:$J$69,B96) -> 0 | B96: SI | C96: SIN INFORMACION
A97: =COUNTIF($J$36:$J$69,B97) -> 0 | B97: SC | C97: SIN CAMION
A98: =COUNTIF($J$36:$J$69,B98) -> 0 | B98: ET | C98: ESPERA TERCEROS
C105: Distribucion de Hora Extra
C106: Hora Extra Entre semana | D106: Sabado | E106: Domingo | F106: Feriado | G106: Total Hora Extra
C107: 105 | D107: 513 | E107: 15 | F107: 113 | G107: =SUM(B107:F107) -> 746

Sheet NOV-22
A1: Prioridad | B1: OT | C1: Cliente Interno | D1: Cliente | E1: Equipo | F1: Modelo/Capacidad | G1: Camion | H1: Modelo | I1: Vin / Patente | J1: VALOR NETO | K1: % | L1: SM | N1: Fecha | P1: INGENIERIA | Q1: Dia | R1: CORTE Y PLEGADO | S1: Dia | T1: ARMADO | U1: Dia | V1: CUADRILLA | W1: MONTAJE | X1: Dia | Y1: CUADRILLA | Z1: PINTURA | AA1: Dia | AB1: CUADRILLA | AC1: HIDRAULICA | AD1: Dia | AE1: CUADRILLA | AF1: TERMINACIONES | AG1: Dia | AH1: CUADRILLA | AI1: PTO | AJ1: STOCK | AK1: BBA H | AL1: STOCK | AM1: CILINDRO | AN1: STOCK | AO1: DERIVADORA | AP1: MOTOR H | AQ1: BBA CENT. | AR1: BBA VACIO | AS1: Bomba Comb. | AT1: Stock | AU1: Cuenta Litro | AV1: Stock | AW1: Kit Combustible | AX1: Stock | AY1: Carrete | AZ1: Stock | BA1: Manguera | BB1: Stock | BC1: Pistola | BD1: Stock | BE1: Microfiltro | BF1: STOCK | BG1: Pintura | BH1: Stock | BI1: Acero
A2: 1 | B2: 1312 | C2: ETP | D2: ZION SERVICE | E2: ATMOSFERICO | F2: 14 M³ + 1,5 M³ | G2: VOLVO | H2: VM 330 | I2: 180593 | J2: 55700000 | K2: 0.91 | L2: - | M2: - | N2: - | O2: 1 | P2: OK | Q2: - | R2: OK | S2: 2 | T2: OK | U2: 9.5 | V2: Hector G. / Rene P. | W2: OK | X2: 25 | Y2: Javier M. / Moises B. - Juan A. / Manuel F. / Luis C. | Z2: OK | AA2: - | AB2: - | AC2: EN PROCESO | AD2: - | AE2: Cuadrilla Gonzalo Flores | AF2: OK | AG2: - | AH2: - | AM2: HYVA 116-3 | AN2: SI | BG2: 4 GL | BH2: PLANTA | BI2: PLANTA
A3: Entregado | B3: 1384 | C3: CENTRO EQUIPOS | D3: BESALCO | E3: LUBRICADOR | F3: CERRADO | G3: MAN | H3: 33400 | I3: 907553 | J3: 78000000 | K3: 1 | L3: - | M3: OK | N3: 44886 | O3: 1 | P3: OK | Q3: - | R3: OK | S3: 1 | T3: OK | U3: - | V3: John A. / Nelson N. / Cuadrilla Richard | W3: OK | X3: - | Y3: - | Z3: OK | AA3: - | AB3: - | AC3: OK | AD3: - | AE3: - | AF3: OK | AG3: - | AH3: - | BG3: 3 GL | BH3: PLANTA | BI3: PLANTA
A4: Entregado | B4: 1387 | C4: CENTRO EQUIPOS | D4: BESALCO | E4: COMBUSTIBLE | F4: 5 M3 MINERO | G4: MAN | H4: 18460 | I4: 193086 | J4: 28000000 | K4: 1 | L4: - | M4: OK | N4: 44886 | O4: 1 | P4: OK | Q4: - | R4: OK | S4: - | T4: OK | U4: 4.5 | V4: John A. / Nelson N. | W4: OK | X4: - | Y4: Carlos G. / Maxi R. | Z4: OK | AA4: - | AB4: - | AC4: OK | AD4: - | AE4: - | AF4: OK | AG4: - | AH4: - | BG4: 3 GL | BH4: PLANTA | BI4: PLANTA
A5: Entregado | B5: 1390 | C5: CENTRO EQUIPOS | D5: SCANIA | E5: TOLVA | F5: TFR 22 M3 + PUERTA MINERA | G5: SCANIA | H5: P450 B8x4 | I5: 4020931 | J5: 25000000 | K5: 1 | L5: - | M5: OK | N5: 44873 | O5: 1 | P5: OK | Q5: - | R5: OK | S5: - | T5: OK | U5: 3 | V5: Paolo S. / Enrique T. | W5: OK | X5: - | Y5: Javier M. / Roberto B. | Z5: OK | AA5: - | AB5: - | AC5: OK | AD5: - | AE5: Cuadrilla Gonzalo Flores | AF5: OK | AG5: - | AH5: - | BG5: 2 GL | BH5: PLANTA | BI5: PLANTA
A6: Entregado | B6: 1405 | C6: CENTRO EQUIPOS | D6: VOLVO / TRANSPORTES PAE | E6: ALJIBE | F6: 20 M³ INOX | G6: VOLVO | H6: VM 330 | I6: 186727 | J6: 32800000 | K6: 1 | L6: - | M6: OK | N6: 44880 | O6: 1 | P6: OK | Q6: - | R6: OK | S6: - | T6: OK | U6: - | V6: - | W6: OK | X6: - | Y6: - | Z6: OK | AA6: - | AB6: - | AC6: OK | AD6: - | AE6: Cudrilla Richard Obreque | AF6: OK | AG6: - | AH6: - | BG6: 4 GL | BH6: PLANTA | BI6: PLANTA
A7: Entregado | B7: 1414 | C7: CENTRO EQUIPOS | D7: VOLVO / COTRAMAQ | E7: ALJIBE | F7: 20 M³ | G7: VOLVO | H7: VM 330 | I7: 18538 | J7: 22500000 | K7: 1 | L7: - | M7: OK | N7: - | O7: 1 | P7: OK | Q7: - | R7: OK | S7: - | T7: OK | U7: - | V7: - | W7: OK | X7: - | Y7: - | Z7: OK | AA7: - | AB7: - | AC7: OK | AD7: - | AE7: - | AF7: OK | AG7: - | AH7: - | BG7: 4 GL | BH7: PLANTA | BI7: PLANTA
A8: Entregado | B8: 1440 | C8: ETP | D8: JUAN CONTRERAS | E8: ALJIBE | F8: 20 M³ INOX | G8: V.WAGEN | H8: 3131 | I8: LPXV-91 | J8: 29900000 | K8: 1 | L8: - | M8: OK | N8: - | O8: 1 | P8: OK | Q8: - | R8: OK | S8: - | T8: OK | U8: - | V8: John A. / Nelson N. | W8: OK | X8: - | Y8: - | Z8: OK | AA8: - | AB8: - | AC8: OK | AD8: - | AE8: - | AF8: OK | AG8: - | AH8: - | BG8: 2 GL | BH8: PLANTA | BI8: PLANTA
A9: Entregado | B9: 1444 | C9: ETP | D9: SUEZ | E9: ATMOSFERICO | F9: 10 M³ + 2 M³ | G9: V.WAGEN | H9: 32360 | I9: 25705 | J9: 25300000 | K9: 1 | L9: - | M9: OK | N9: - | O9: 1 | P9: OK | Q9: - | R9: OK | S9: - | T9: OK | U9: - | V9: - | W9: OK | X9: - | Y9: - | Z9: OK | AA9: - | AB9: - | AC9: OK | AD9: - | AE9: - | AF9: OK | AG9: - | AH9: - | AM9: HIDROSIR 135-3 | AN9: SI | BG9: 2 GL | BH9: PLANTA | BI9: PLANTA
A10: Entregado | B10: 1449 | C10: ETP | D10: TRESUR | E10: COMBUSTIBLE | F10: 5 M3 | G10: V.WAGEN | H10: 9170 | I10: 15629 | J10: 20500000 | K10: 1 | L10: - | M10: OK | N10: 44881 | O10: 1 | P10: OK | Q10: - | R10: OK | S10: - | T10: OK | U10: 3.5 | V10: Sebastian C. / Gustavo V. | W10: OK | X10: 4 | Y10: Juan A. / Manuel F. / Luis C. | Z10: OK | AA10: - | AB10: - | AC10: OK | AD10: - | AE10: - | AF10: OK | AG10: - | AH10: - | BG10: pulido completo | BH10: PLANTA | BI10: PLANTA
A11: Entregado | B11: 1452 | C11: ETP | D11: PORSCHE | E11: TOLVA | F11: TRE 14 M³ ALTA RESISTENCIA + AUTOENCARPE | G11: V.WAGEN | H11: 32360 | I11: 23207 | J11: 20000000 | K11: 1 | L11: - | M11: OK | N11: - | O11: 1 | P11: OK | Q11: - | R11: OK | S11: - | T11: OK | U11: - | V11: - | W11: OK | X11: - | Y11: - | Z11: OK | AA11: - | AB11: - | AC11: OK | AD11: - | AE11: - | AF11: OK | AG11: - | AH11: - | BG11: 4 GL | BH11: PLANTA | BI11: PLANTA
A12: Entregado | B12: 1469 | C12: CENTRO EQUIPOS | D12: SALFA / PDI | E12: COMBUSTIBLE | F12: 5 M³ JET A-1 | G12: CHEVROLET | H12: FVR 1826 | I12: 7000273 | J12: 46300000 | K12: 1 | L12: - | M12: OK | N12: 45258 | O12: 1 | P12: OK | Q12: - | R12: OK | S12: - | T12: OK | U12: - | V12: Sebastian C. / Gustavo V. | W12: OK | X12: - | Y12: - | Z12: OK | AA12: - | AB12: - | AC12: OK | AD12: - | AE12: - | AF12: OK | AG12: - | AH12: - | BG12: 2 GL | BH12: PLANTA | BI12: PLANTA
A13: Entregado | B13: 1473 | C13: CENTRO EQUIPOS | D13: SALFA | E13: ATMOSFERICO | F13: 7 M³ + 1 M³ | G13: CHEVROLET | H13: 1826 | I13: S/C | J13: 27800000 | K13: 1 | L13: - | M13: OK | N13: - | O13: 1 | P13: OK | Q13: - | R13: OK | S13: - | T13: OK | U13: - | V13: - | W13: OK | X13: - | Y13: - | Z13: OK | AA13: - | AB13: - | AC13: OK | AD13: - | AE13: - | AF13: OK | AG13: - | AH13: - | BG13: 4 GL | BH13: PLANTA | BI13: PLANTA
A14: Entregado | B14: 1475 | C14: CENTRO EQUIPOS | D14: VOLVO | E14: ALJIBE | F14: 22 M³ | G14: VOLVO | H14: VM 330 | I14: 186793 | J14: 22500000 | K14: 1 | L14: - | M14: OK | N14: - | O14: 1 | P14: OK | Q14: - | R14: OK | S14: 1.5 | T14: OK | U14: - | V14: Paolo S. / Enrique T. | W14: OK | X14: - | Y14: - | Z14: OK | AA14: - | AB14: - | AC14: OK | AD14: - | AE14: - | AF14: OK | AG14: - | AH14: - | BG14: 3 GL | BH14: PLANTA | BI14: PLANTA
A15: Entregado | B15: 1476 | C15: ETP | D15: JUAN CONTRERAS | E15: ALJIBE | F15: 10 M³ INOX | G15: V.WAGEN | H15: 17280 | I15: 20735 | J15: 25000000 | K15: 1 | L15: - | M15: OK | N15: 44880 | O15: 1 | P15: OK | Q15: - | R15: OK | S15: - | T15: OK | U15: 4.5 | V15: Hector G. / Rene P. | W15: OK | X15: - | Y15: - | Z15: OK | AA15: - | AB15: - | AC15: OK | AD15: - | AE15: - | AF15: OK | AG15: - | AH15: - | BG15: 3 GL | BH15: PLANTA | BI15: PLANTA
A16: Entregado | B16: 1481 | C16: ETP | D16: KAUFMANN | E16: COMBUSTIBLE | F16: 6 M³ + 1 ADBLUE | G16: M.BENZ | H16: 1419 | I16: 246294 | J16: 36880000 | K16: 1 | L16: - | M16: OK | N16: 44886 | O16: 1 | P16: OK | Q16: - | R16: OK | S16: - | T16: OK | U16: 4 | V16: Sebastian C. / Gustavo V. | W16: OK | X16: - | Y16: - | Z16: OK | AA16: - | AB16: - | AC16: OK | AD16: - | AE16: Richard O. / Magdiel O. / Paola | AF16: OK | AG16: - | AH16: - | AM16: HIDROSIR 155-4 | AN16: SI | BG16: 4 GL | BH16: PLANTA | BI16: PLANTA
A17: Entregado | B17: 1486 | C17: ETP | D17: EYC / MUNI. DE LOS VILOS | E17: TOLVA | F17: TRE 10 M³ | G17: V.WAGEN | H17: 17280 | I17: 29475 | J17: 15000000 | K17: 1 | L17: - | M17: OK | N17: 44875 | O17: 1 | P17: OK | Q17: - | R17: OK | S17: 1.5 | T17: OK | U17: - | V17: Hector G. / Rene P. | W17: OK | X17: - | Y17: - | Z17: OK | AA17: - | AB17: - | AC17: OK | AD17: - | AE17: - | AF17: OK | AG17: - | AH17: - | AM17: HIDROSIR 155-4 | AN17: SI | BG17: 4 GL | BH17: PLANTA | BI17: PLANTA
A18: Entregado | B18: 1487 | C18: ETP | D18: EYC / MUNI. DE MOSTAZAL | E18: ALJIBE | F18: 10 M³ | G18: V.WAGEN | H18: 17280 | I18: 29324 | J18: 25000000 | K18: 1 | L18: - | M18: OK | N18: - | O18: 1 | P18: OK | Q18: - | R18: OK | S18: 1.5 | T18: OK | U18: - | V18: - | W18: OK | X18: - | Y18: - | Z18: OK | AA18: - | AB18: - | AC18: OK | AD18: - | AE18: - | AF18: OK | AG18: - | AH18: - | AM18: HIDROSIR 155-4 | AN18: SI | BG18: 4 GL | BH18: PLANTA | BI18: PLANTA
A19: Entregado | B19: 1489 | C19: ETP | D19: JUAN LOYOLA MOLINA | E19: TOLVA | F19: TPR 20 M³ A 23 M³ | G19: SCANIA | H19: P 450 B | I19: 4019722 | J19: 26500000 | K19: 1 | L19: - | M19: OK | N19: - | O19: 1 | P19: OK | Q19: - | R19: OK | S19: - | T19: OK | U19: - | V19: - | W19: OK | X19: - | Y19: - | Z19: OK | AA19: - | AB19: - | AC19: OK | AD19: - | AE19: - | AF19: OK | AG19: - | AH19: - | AM19: HIDROSIR 155-4 | AN19: SI | BG19: 4 GL | BH19: PLANTA | BI19: PLANTA
A20: Entregado | B20: 1490 | C20: ETP | D20: JUAN LOYOLA MOLINA | E20: TOLVA | F20: TPR 20 M³ A 23 M³ | G20: SCANIA | H20: P 450 B | I20: 4019685 | J20: 26500000 | K20: 1 | L20: - | M20: OK | N20: - | O20: 1 | P20: OK | Q20: - | R20: OK | S20: - | T20: OK | U20: - | V20: - | W20: OK | X20: - | Y20: - | Z20: OK | AA20: - | AB20: - | AC20: OK | AD20: - | AE20: - | AF20: OK | AG20: - | AH20: - | AM20: HIDROSIR 155-4 | AN20: SI | BG20: 4 GL | BH20: PLANTA | BI20: PLANTA
A21: Entregado | B21: 1494 | C21: CENTRO EQUIPOS | D21: SCANIA | E21: TOLVA | F21: TFR 20 M3 + PUERTA MINERA | G21: SCANIA | H21: P 450 | I21: 4025197 | J21: 25500000 | K21: 1 | L21: - | M21: OK | N21: - | O21: 1 | P21: OK | Q21: - | R21: OK | S21: - | T21: OK | U21: - | V21: - | W21: OK | X21: - | Y21: - | Z21: OK | AA21: - | AB21: - | AC21: OK | AD21: - | AE21: - | AF21: OK | AG21: - | AH21: - | BG21: 4 | BH21: PLANTA
A22: Entregado | B22: 1495 | C22: CENTRO EQUIPOS | D22: SCANIA | E22: TOLVA | F22: TFR 20 M3 + PUERTA MINERA | G22: SCANIA | H22: P 450 | I22: 4025241 | J22: 25500000 | K22: 1 | L22: - | M22: OK | N22: - | O22: 1 | P22: OK | Q22: - | R22: OK | S22: - | T22: OK | U22: - | V22: - | W22: OK | X22: - | Y22: - | Z22: OK | AA22: - | AB22: - | AC22: OK | AD22: - | AE22: - | AF22: OK | AG22: - | AH22: - | AM22: HIDROSIR 116-3 | AN22: SI | BG22: 3 | BH22: PLANTA
A23: Entregado | B23: 1502 | C23: CENTRO EQUIPOS | D23: SCANIA | E23: TOLVA | F23: TFR 22 M³ + PUERTA MINERA | G23: SCANIA | H23: P 450 B 8X4 | I23: 4028255 | J23: 25500000 | K23: 1 | L23: - | M23: OK | N23: - | O23: 1 | P23: OK | Q23: - | R23: OK | S23: - | T23: OK | U23: - | V23: - | W23: OK | X23: - | Y23: - | Z23: OK | AA23: - | AB23: - | AC23: OK | AD23: - | AE23: - | AF23: OK | AG23: - | AH23: - | AM23: HIDROSIR 135-4 | AN23: SI | BG23: 3 GL | BH23: PLANTA | BI23: PLANTA
A24: Entregado | B24: 1539 | C24: ETP | D24: PORSCHE | E24: TOLVA | F24: TRE 8 M3 | G24: V.WAGEN | J24: 10000000 | K24: 1 | L24: - | M24: OK | N24: 44880 | O24: 1 | P24: OK | Q24: - | R24: OK | S24: - | T24: OK | U24: - | V24: - | W24: OK | X24: - | Y24: - | Z24: OK | AA24: - | AB24: - | AC24: OK | AD24: - | AE24: - | AF24: OK | AG24: - | AH24: - | BG24: 4 GL | BH24: PLANTA | BI24: PLANTA
C26: Mix de Producto | E26: Cliente Interno | H26: Total equipo Noviembre | I26: =SUM(O2:O24) -> 23 | J26: =SUM(J2:J24) -> 675680000 | K26: =SUM(P26:AB26) -> 1 | P26: 0.03 | R26: 0.1 | T26: 0.3 | V26: 0.3 | X26: 0.1 | Z26: 0.12 | AB26: 0.05
C27: ALJIBE | D27: =SUMIF($E$2:$E$24,C27,$O$2:$O$24) -> 6 | E27: ETP | F27: =SUMIF($C$2:$C$24,E27,$O$2:$O$28) -> 12 | M27: Equipo Fab hasta
C28: ATMOSFERICO | D28: =SUMIF($E$2:$E$24,C28,$O$2:$O$24) -> 3 | E28: CENTRO EQUIPOS | F28: =SUMIF($C$2:$C$24,E28,$O$2:$O$28) -> 11 | H28: Equ. Fab. Y Facturado | J28: =SUMIF(K2:K24,K28,J2:J24) -> 619980000 | K28: 1 | N28: =SUMIF($K$2:$K$24,K28,$O$2:$O$24) -> 22
C29: CARROCERIA MINERA | D29: =SUMIF($E$2:$E$24,C29,$O$2:$O$24) -> 0 | H29: Equ. Facturado semanal | I29: 31/10 a 05/11 | J29: =SUMIF($L$2:$L$24,K29,$J$2:$J$24) -> 0 | K29: 1
C30: COMBUSTIBLE | D30: =SUMIF($E$2:$E$24,C30,$O$2:$O$24) -> 4 | H30: Equ. Facturado semanal | I30: 07/11 a 12/11 | J30: =SUMIF($L$2:$L$24,K30,$J$2:$J$24) -> 0 | K30: 2
C31: COMBUSTIBLE AVIACION | D31: =SUMIF($E$2:$E$24,C31,$O$2:$O$24) -> 0 | H31: Equ. Facturado semanal | I31: 14/11 a 19/11 | J31: =SUMIF($L$2:$L$24,K31,$J$2:$J$24) -> 0 | K31: 3
C32: CARROCERIA MINERA | D32: =SUMIF($E$2:$E$24,C32,$O$2:$O$24) -> 0 | H32: Equ. Facturado semanal | I32: 21/11 a 26/11 | J32: =SUMIF($L$2:$L$24,K32,$J$2:$J$24) -> 0 | K32: 4
C33: LUBRICADOR | D33: =SUMIF($E$2:$E$24,C33,$O$2:$O$24) -> 1 | H33: Equ. Facturado semanal | I33: 28/11 a 03/12 | J33: =SUMIF($L$2:$L$24,K33,$J$2:$J$24) -> 0 | K33: 5
C34: TOLVA | D34: =SUMIF($E$2:$E$24,C34,$O$2:$O$24) -> 8
C36: Total | D36: =SUM(D27:D35) -> 22 | E36: Total | F36: =SUM(F27:F35) -> 23
A37: Observaciones | I37: Atrasos por Areas | J37: Motivos de Atrasos
A38: 44866 | B38: Mar
A39: =+A38+1 -> 44867 | B39: Mie
A40: =+A39+1 -> 44868 | B40: Jue
A41: =+A40+1 -> 44869 | B41: Vie
A42: =+A41+1 -> 44870 | B42: Sab
A43: =+A42+1 -> 44871 | B43: Dom
A44: =+A43+1 -> 44872 | B44: Lun
A45: =+A44+1 -> 44873 | B45: Mar
A46: =+A45+1 -> 44874 | B46: Mie
A47: =+A46+1 -> 44875 | B47: Jue
A48: =+A47+1 -> 44876 | B48: Vie
A49: =+A48+1 -> 44877 | B49: Sab
A50: =+A49+1 -> 44878 | B50: Dom
... A68: =+A67+1 -> 44896 | B68: Jue
A70: LEYENDA DE ATRASOS POR AREAS
A71: =COUNTIF($I$38:$I$71,B71) -> 0 | B71: ING-A | C71: INGENIERIA = ING-ATRASO
A72: =COUNTIF($I$38:$I$71,B72) -> 0 | B72: CP-A | C72: CORTE Y PLEGADO = CP-ATRASO
A73: =COUNTIF($I$38:$I$71,B73) -> 0 | B73: AR-A | C73: ARMADO Y REMATE = AR-ATRASO
A74: =COUNTIF($I$38:$I$71,B74) -> 0 | B74: MON-A | C74: MONTAJE = MON-ATRASO
A75: =COUNTIF($I$38:$I$71,B75) -> 0 | B75: HID-A | C75: HIDRAULICA = HID-ATRASO
A76: =COUNTIF($I$38:$I$71,B76) -> 0 | B76: PIN-A | C76: PINTURA = PIN-ATRASO
A77: =COUNTIF($I$38:$I$71,B77) -> 0 | B77: TERM-A | C77: TERMINACIONES = TERM-ATRASO
A78: =COUNTIF($I$38:$I$71,B78) -> 0 | B78: VEN-A | C78: VENTAS = VEN-ATRASO
A79: =COUNTIF($I$38:$I$71,B79) -> 0 | B79: PS-A | C79: PATIO STOCK = PS-ATRASO
A80: =COUNTIF($I$38:$I$71,B80) -> 0 | B80: TMI | C80: TIEMPO MUERTO INICIO = TMI
A81: =COUNTIF($I$38:$I$71,B81) -> 0 | B81: TMS | C81: TIEMPO MUERTO STOCK = TMS
A87: MOTIVOS DE ATRASOS
A88: =COUNTIF($J$38:$J$71,B88) -> 0 | B88: FM | C88: FALLA MAQUINARIA
A89: =COUNTIF($J$38:$J$71,B89) -> 0 | B89: FMAT | C89: FALTA MATERIAL
A90: =COUNTIF($J$38:$J$71,B90) -> 0 | B90: FS | C90: FALLA SUMINISTRO
A91: =COUNTIF($J$38:$J$71,B91) -> 0 | B91: FH | C91: FALTA HERRAMIENTA
A92: =COUNTIF($J$38:$J$71,B92) -> 0 | B92: AP | C92: AUSENCIA PERSONAL
A93: =COUNTIF($J$38:$J$71,B93) -> 0 | B93: EP | C93: ESPERA PROSESO
A94: =COUNTIF($J$38:$J$71,B94) -> 0 | B94: CAP | C94: CAMBIO PRIORIDAD
A95: =COUNTIF($J$38:$J$71,B95) -> 0 | B95: PC | C95: PROBLEMA EN CAMION
A96: =COUNTIF($J$38:$J$71,B96) -> 0 | B96: REP | C96: REPROCESO
A97: =COUNTIF($J$38:$J$71,B97) -> 0 | B97: GA | C97: GARANTIA
A98: =COUNTIF($J$38:$J$71,B98) -> 0 | B98: SI | C98: SIN INFORMACION
A99: =COUNTIF($J$38:$J$71,B99) -> 0 | B99: SC | C99: SIN CAMION
A100: =COUNTIF($J$38:$J$71,B100) -> 0 | B100: ET | C100: ESPERA TERCEROS
C107: Distribucion de Hora Extra
C108: Hora Extra Entre semana | D108: Sabado | E108: Domingo | F108: Feriado | G108: Total Hora Extra
G109: =SUM(B109:F109) -> 0

Sheet ENE-23
A1: Prioridad | B1: OT | C1: Cliente Interno | D1: Cliente | E1: Equipo | F1: Modelo/Capacidad | G1: Camion | H1: Modelo | I1: Vin / Patente | J1: VALOR NETO | K1: % | L1: SM | N1: Fecha | P1: INGENIERIA | Q1: Dia | R1: CORTE Y PLEGADO | S1: Dia | T1: ARMADO | U1: Dia | V1: CUADRILLA | W1: MONTAJE | X1: Dia | Y1: CUADRILLA | Z1: PINTURA | AA1: Dia | AB1: CUADRILLA | AC1: HIDRAULICA | AD1: Dia | AE1: CUADRILLA | AF1: TERMINACIONES | AG1: Dia | AH1: CUADRILLA | AI1: PTO | AJ1: STOCK | AK1: BBA H | AL1: STOCK | AM1: CILINDRO | AN1: BBA CENT. | AO1: Pintura | AP1: Acero
K2: 0 | L2: - | M2: - | N2: - | O2: 1 | P2: - | Q2: - | R2: - | S2: - | T2: - | U2: - | V2: - | W2: - | X2: - | Y2: - | Z2: - | AA2: - | AB2: - | AC2: - | AD2: - | AE2: - | AF2: - | AG2: - | AH2: -
K3: 0 | L3: - | M3: - | N3: - | O3: 1 | P3: - | Q3: - | R3: - | S3: - | T3: - | U3: - | V3: - | W3: - | X3: - | Y3: - | Z3: - | AA3: - | AB3: - | AC3: - | AD3: - | AE3: - | AF3: - | AG3: - | AH3: -
K4: 0 | L4: - | M4: - | N4: - | O4: 1 | P4: - | Q4: - | R4: - | S4: - | T4: - | U4: - | V4: - | W4: - | X4: - | Y4: - | Z4: - | AA4: - | AB4: - | AC4: - | AD4: - | AE4: - | AF4: - | AG4: - | AH4: -
K5: 0 | L5: - | M5: - | N5: - | O5: 1 | P5: - | Q5: - | R5: - | S5: - | T5: - | U5: - | V5: - | W5: - | X5: - | Y5: - | Z5: - | AA5: - | AB5: - | AC5: - | AD5: - | AE5: - | AF5: - | AG5: - | AH5: -
K6: 0 | L6: - | M6: - | N6: - | O6: 1 | P6: - | Q6: - | R6: - | S6: - | T6: - | U6: - | V6: - | W6: - | X6: - | Y6: - | Z6: - | AA6: - | AB6: - | AC6: - | AD6: - | AE6: - | AF6: - | AG6: - | AH6: -
K7: 0 | L7: - | M7: - | N7: - | O7: 1 | P7: - | Q7: - | R7: - | S7: - | T7: - | U7: - | V7: - | W7: - | X7: - | Y7: - | Z7: - | AA7: - | AB7: - | AC7: - | AD7: - | AE7: - | AF7: - | AG7: - | AH7: -
K8: 0 | L8: - | M8: - | N8: - | O8: 1 | P8: - | Q8: - | R8: - | S8: - | T8: - | U8: - | V8: - | W8: - | X8: - | Y8: - | Z8: - | AA8: - | AB8: - | AC8: - | AD8: - | AE8: - | AF8: - | AG8: - | AH8: -
K9: 0 | L9: - | M9: - | N9: - | O9: 1 | P9: - | Q9: - | R9: - | S9: - | T9: - | U9: - | V9: - | W9: - | X9: - | Y9: - | Z9: - | AA9: - | AB9: - | AC9: - | AD9: - | AE9: - | AF9: - | AG9: - | AH9: -
K10: 0 | L10: - | M10: - | N10: - | O10: 1 | P10: - | Q10: - | R10: - | S10: - | T10: - | U10: - | V10: - | W10: - | X10: - | Y10: - | Z10: - | AA10: - | AB10: - | AC10: - | AD10: - | AE10: - | AF10: - | AG10: - | AH10: -
K11: 0 | L11: - | M11: - | N11: - | O11: 1 | P11: - | Q11: - | R11: - | S11: - | T11: - | U11: - | V11: - | W11: - | X11: - | Y11: - | Z11: - | AA11: - | AB11: - | AC11: - | AD11: - | AE11: - | AF11: - | AG11: - | AH11: -
K12: 0 | L12: - | M12: - | N12: - | O12: 1 | P12: - | Q12: - | R12: - | S12: - | T12: - | U12: - | V12: - | W12: - | X12: - | Y12: - | Z12: - | AA12: - | AB12: - | AC12: - | AD12: - | AE12: - | AF12: - | AG12: - | AH12: -
K13: 0 | L13: - | M13: - | N13: - | O13: 1 | P13: - | Q13: - | R13: - | S13: - | T13: - | U13: - | V13: - | W13: - | X13: - | Y13: - | Z13: - | AA13: - | AB13: - | AC13: - | AD13: - | AE13: - | AF13: - | AG13: - | AH13: -
... K61: 0 | L61: - | M61: - | N61: - | O61: 1 | P61: - | Q61: - | R61: - | S61: - | T61: - | U61: - | V61: - | W61: - | X61: - | Y61: - | Z61: - | AA61: - | AB61: - | AC61: - | AD61: - | AE61: - | AF61: - | AG61: - | AH61: -
C63: Mix de Producto | E63: Cliente Interno | H63: Total equipo Enero | I63: =SUM(O2:O61) -> 60 | J63: =SUM(J2:J61) -> 0 | K63: =SUM(P63:AH63) -> 1 | P63: 0.03 | R63: 0.1 | T63: 0.3 | W63: 0.3 | Z63: 0.1 | AC63: 0.12 | AF63: 0.05
C64: ALJIBE | D64: =SUMIF($E$2:$E$61,C64,$O$2:$O$61) -> 0 | E64: ETP | F64: =SUMIF($C$2:$C$61,E64,$O$2:$O$61) -> 0 | M64: Equipo Fab hasta
C65: ATMOSFERICO | D65: =SUMIF($E$2:$E$61,C65,$O$2:$O$61) -> 0 | E65: CENTRO EQUIPOS | F65: =SUMIF($C$2:$C$61,E65,$O$2:$O$61) -> 0 | H65: Equ. Fab. Y Facturado | J65: =SUMIF(K2:K61,K65,J2:J61) -> 0 | K65: 1 | N65: =SUMIF($K$2:$K$61,K65,$O$2:$O$61) -> 0
C66: CARROCERIA MINERA | D66: =SUMIF($E$2:$E$61,C66,$O$2:$O$61) -> 0 | E66: ETP / EYC | F66: =SUMIF($C$2:$C$61,E66,$O$2:$O$61) -> 0 | H66: Equ. Facturado semanal | I66: 02/01 a 07/01 | J66: =SUMIF($L$2:$L$61,K66,$J$2:$J$61) -> 0 | K66: 1
C67: COMBUSTIBLE | D67: =SUMIF($E$2:$E$61,C67,$O$2:$O$61) -> 0 | H67: Equ. Facturado semanal | I67: 09/01 a 14/01 | J67: =SUMIF($L$2:$L$61,K67,$J$2:$J$61) -> 0 | K67: 2
C68: COMBUSTIBLE AVIACION | D68: =SUMIF($E$2:$E$61,C68,$O$2:$O$61) -> 0 | H68: Equ. Facturado semanal | I68: 16/01 a 21/01 | J68: =SUMIF($L$2:$L$61,K68,$J$2:$J$61) -> 0 | K68: 3
C69: LUBRICADOR | D69: =SUMIF($E$2:$E$61,C69,$O$2:$O$61) -> 0 | H69: Equ. Facturado semanal | I69: 23/01 a 28/01 | J69: =SUMIF($L$2:$L$61,K69,$J$2:$J$61) -> 0 | K69: 4
C70: TOLVA | D70: =SUMIF($E$2:$E$61,C70,$O$2:$O$61) -> 0 | H70: Equ. Facturado semanal | I70: 30/01 a 03/02 | J70: =SUMIF($L$2:$L$61,K70,$J$2:$J$61) -> 0 | K70: 5
C74: Total | D74: =SUM(D64:D73) -> 0 | E74: Total | F74: =SUM(F64:F73) -> 0
A75: Observaciones | I75: Atrasos por Areas | J75: Motivos de Atrasos
A76: 44927 | B76: Dom
A77: =+A76+1 -> 44928 | B77: Lun
A78: =+A77+1 -> 44929 | B78: Mar
A79: =+A78+1 -> 44930 | B79: Mie
A80: =+A79+1 -> 44931 | B80: Jue
A81: =+A80+1 -> 44932 | B81: Vie
A82: =+A81+1 -> 44933 | B82: Sab
A83: =+A82+1 -> 44934 | B83: Dom
A84: =+A83+1 -> 44935 | B84: Lun
A85: =+A84+1 -> 44936 | B85: Mar
A86: =+A85+1 -> 44937 | B86: Mie
A87: =+A86+1 -> 44938 | B87: Jue
A88: =+A87+1 -> 44939 | B88: Vie
... A106: =+A105+1 -> 44957 | B106: Mar
A108: LEYENDA DE ATRASOS POR AREAS
A109: =COUNTIF($I$76:$I$109,B109) -> 0 | B109: ING-A | C109: INGENIERIA = ING-ATRASO
A110: =COUNTIF($I$76:$I$109,B110) -> 0 | B110: CP-A | C110: CORTE Y PLEGADO = CP-ATRASO
A111: =COUNTIF($I$76:$I$109,B111) -> 0 | B111: AR-A | C111: ARMADO Y REMATE = AR-ATRASO
A112: =COUNTIF($I$76:$I$109,B112) -> 0 | B112: MON-A | C112: MONTAJE = MON-ATRASO
A113: =COUNTIF($I$76:$I$109,B113) -> 0 | B113: HID-A | C113: HIDRAULICA = HID-ATRASO
A114: =COUNTIF($I$76:$I$109,B114) -> 0 | B114: PIN-A | C114: PINTURA = PIN-ATRASO
A115: =COUNTIF($I$76:$I$109,B115) -> 0 | B115: TERM-A | C115: TERMINACIONES = TERM-ATRASO
A116: =COUNTIF($I$76:$I$109,B116) -> 0 | B116: VEN-A | C116: VENTAS = VEN-ATRASO
A117: =COUNTIF($I$76:$I$109,B117) -> 0 | B117: PS-A | C117: PATIO STOCK = PS-ATRASO
A118: =COUNTIF($I$76:$I$109,B118) -> 0 | B118: TMI | C118: TIEMPO MUERTO INICIO = TMI
A119: =COUNTIF($I$76:$I$109,B119) -> 0 | B119: TMS | C119: TIEMPO MUERTO STOCK = TMS
A125: MOTIVOS DE ATRASOS
A126: =COUNTIF($J$76:$J$109,B126) -> 0 | B126: FM | C126: FALLA MAQUINARIA
A127: =COUNTIF($J$76:$J$109,B127) -> 0 | B127: FMAT | C127: FALTA MATERIAL
A128: =COUNTIF($J$76:$J$109,B128) -> 0 | B128: FS | C128: FALLA SUMINISTRO
A129: =COUNTIF($J$76:$J$109,B129) -> 0 | B129: FH | C129: FALTA HERRAMIENTA
A130: =COUNTIF($J$76:$J$109,B130) -> 0 | B130: AP | C130: AUSENCIA PERSONAL
A131: =COUNTIF($J$76:$J$109,B131) -> 0 | B131: EP | C131: ESPERA PROSESO
A132: =COUNTIF($J$76:$J$109,B132) -> 0 | B132: CAP | C132: CAMBIO PRIORIDAD
A133: =COUNTIF($J$76:$J$109,B133) -> 0 | B133: PC | C133: PROBLEMA EN CAMION
A134: =COUNTIF($J$76:$J$109,B134) -> 0 | B134: REP | C134: REPROCESO
A135: =COUNTIF($J$76:$J$109,B135) -> 0 | B135: GA | C135: GARANTIA
A136: =COUNTIF($J$76:$J$109,B136) -> 0 | B136: SI | C136: SIN INFORMACION
A137: =COUNTIF($J$76:$J$109,B137) -> 0 | B137: SC | C137: SIN CAMION
A138: =COUNTIF($J$76:$J$109,B138) -> 0 | B138: ET | C138: ESPERA TERCEROS
C145: Distribucion de Hora Extra
C146: Hora Extra Entre semana | D146: Sabado | E146: Domingo | F146: Feriado | G146: Total Hora Extra
G147: =SUM(B147:F147) -> 0

Sheet DIC-22
A1: Prioridad | B1: OT | C1: Cliente Interno | D1: Cliente | E1: Equipo | F1: Modelo/Capacidad | G1: Camion | H1: Modelo | I1: Vin / Patente | J1: VALOR NETO | K1: % | L1: SM | N1: Fecha | P1: INGENIERIA | Q1: Dia | R1: CORTE Y PLEGADO | S1: Dia | T1: ARMADO | U1: Dia | V1: CUADRILLA | W1: MONTAJE | X1: Dia | Y1: CUADRILLA | Z1: PINTURA | AA1: Dia | AB1: CUADRILLA | AC1: HIDRAULICA | AD1: Dia | AE1: CUADRILLA | AF1: TERMINACIONES | AG1: Dia | AH1: CUADRILLA | AI1: PTO | AJ1: STOCK | AK1: BBA H | AL1: STOCK | AM1: CILINDRO | AN1: BBA CENT. | AO1: Pintura | AP1: Acero
K2: 0 | L2: - | M2: - | N2: - | O2: 1 | P2: - | Q2: - | R2: - | S2: - | T2: - | U2: - | V2: - | W2: - | X2: - | Y2: - | Z2: - | AA2: - | AB2: - | AC2: - | AD2: - | AE2: - | AF2: - | AG2: - | AH2: -
K3: 0 | L3: - | M3: - | N3: - | O3: 1 | P3: - | Q3: - | R3: - | S3: - | T3: - | U3: - | V3: - | W3: - | X3: - | Y3: - | Z3: - | AA3: - | AB3: - | AC3: - | AD3: - | AE3: - | AF3: - | AG3: - | AH3: -
K4: 0 | L4: - | M4: - | N4: - | O4: 1 | P4: - | Q4: - | R4: - | S4: - | T4: - | U4: - | V4: - | W4: - | X4: - | Y4: - | Z4: - | AA4: - | AB4: - | AC4: - | AD4: - | AE4: - | AF4: - | AG4: - | AH4: -
K5: 0 | L5: - | M5: - | N5: - | O5: 1 | P5: - | Q5: - | R5: - | S5: - | T5: - | U5: - | V5: - | W5: - | X5: - | Y5: - | Z5: - | AA5: - | AB5: - | AC5: - | AD5: - | AE5: - | AF5: - | AG5: - | AH5: -
K6: 0 | L6: - | M6: - | N6: - | O6: 1 | P6: - | Q6: - | R6: - | S6: - | T6: - | U6: - | V6: - | W6: - | X6: - | Y6: - | Z6: - | AA6: - | AB6: - | AC6: - | AD6: - | AE6: - | AF6: - | AG6: - | AH6: -
K7: 0 | L7: - | M7: - | N7: - | O7: 1 | P7: - | Q7: - | R7: - | S7: - | T7: - | U7: - | V7: - | W7: - | X7: - | Y7: - | Z7: - | AA7: - | AB7: - | AC7: - | AD7: - | AE7: - | AF7: - | AG7: - | AH7: -
K8: 0 | L8: - | M8: - | N8: - | O8: 1 | P8: - | Q8: - | R8: - | S8: - | T8: - | U8: - | V8: - | W8: - | X8: - | Y8: - | Z8: - | AA8: - | AB8: - | AC8: - | AD8: - | AE8: - | AF8: - | AG8: - | AH8: -
K9: 0 | L9: - | M9: - | N9: - | O9: 1 | P9: - | Q9: - | R9: - | S9: - | T9: - | U9: - | V9: - | W9: - | X9: - | Y9: - | Z9: - | AA9: - | AB9: - | AC9: - | AD9: - | AE9: - | AF9: - | AG9: - | AH9: -
K10: 0 | L10: - | M10: - | N10: - | O10: 1 | P10: - | Q10: - | R10: - | S10: - | T10: - | U10: - | V10: - | W10: - | X10: - | Y10: - | Z10: - | AA10: - | AB10: - | AC10: - | AD10: - | AE10: - | AF10: - | AG10: - | AH10: -
K11: 0 | L11: - | M11: - | N11: - | O11: 1 | P11: - | Q11: - | R11: - | S11: - | T11: - | U11: - | V11: - | W11: - | X11: - | Y11: - | Z11: - | AA11: - | AB11: - | AC11: - | AD11: - | AE11: - | AF11: - | AG11: - | AH11: -
K12: 0 | L12: - | M12: - | N12: - | O12: 1 | P12: - | Q12: - | R12: - | S12: - | T12: - | U12: - | V12: - | W12: - | X12: - | Y12: - | Z12: - | AA12: - | AB12: - | AC12: - | AD12: - | AE12: - | AF12: - | AG12: - | AH12: -
K13: 0 | L13: - | M13: - | N13: - | O13: 1 | P13: - | Q13: - | R13: - | S13: - | T13: - | U13: - | V13: - | W13: - | X13: - | Y13: - | Z13: - | AA13: - | AB13: - | AC13: - | AD13: - | AE13: - | AF13: - | AG13: - | AH13: -
... K61: 0 | L61: - | M61: - | N61: - | O61: 1 | P61: - | Q61: - | R61: - | S61: - | T61: - | U61: - | V61: - | W61: - | X61: - | Y61: - | Z61: - | AA61: - | AB61: - | AC61: - | AD61: - | AE61: - | AF61: - | AG61: - | AH61: -
C63: Mix de Producto | E63: Cliente Interno | H63: Total equipo Diciembre | I63: =SUM(O2:O61) -> 60 | J63: =SUM(J2:J61) -> 0 | K63: =SUM(P63:AH63) -> 1 | P63: 0.03 | R63: 0.1 | T63: 0.3 | W63: 0.3 | Z63: 0.1 | AC63: 0.12 | AF63: 0.05
C64: ALJIBE | D64: =SUMIF($E$2:$E$61,C64,$O$2:$O$61) -> 0 | E64: ETP | F64: =SUMIF($C$2:$C$61,E64,$O$2:$O$61) -> 0 | M64: Equipo Fab hasta
C65: ATMOSFERICO | D65: =SUMIF($E$2:$E$61,C65,$O$2:$O$61) -> 0 | E65: CENTRO EQUIPOS | F65: =SUMIF($C$2:$C$61,E65,$O$2:$O$61) -> 0 | H65: Equ. Fab. Y Facturado | J65: =SUMIF(K2:K61,K65,J2:J61) -> 0 | K65: 1 | N65: =SUMIF($K$2:$K$61,K65,$O$2:$O$61) -> 0
C66: CARROCERIA MINERA | D66: =SUMIF($E$2:$E$61,C66,$O$2:$O$61) -> 0 | E66: ETP / EYC | F66: =SUMIF($C$2:$C$61,E66,$O$2:$O$61) -> 0 | H66: Equ. Facturado semanal | I66: 28/11 a 03/12 | J66: =SUMIF($L$2:$L$61,K66,$J$2:$J$61) -> 0 | K66: 1
C67: COMBUSTIBLE | D67: =SUMIF($E$2:$E$61,C67,$O$2:$O$61) -> 0 | H67: Equ. Facturado semanal | I67: 05/12 a 10/12 | J67: =SUMIF($L$2:$L$61,K67,$J$2:$J$61) -> 0 | K67: 2
C68: COMBUSTIBLE AVIACION | D68: =SUMIF($E$2:$E$61,C68,$O$2:$O$61) -> 0 | H68: Equ. Facturado semanal | I68: 12/12 a 17/12 | J68: =SUMIF($L$2:$L$61,K68,$J$2:$J$61) -> 0 | K68: 3
C69: LUBRICADOR | D69: =SUMIF($E$2:$E$61,C69,$O$2:$O$61) -> 0 | H69: Equ. Facturado semanal | I69: 19/12 a 24/15 | J69: =SUMIF($L$2:$L$61,K69,$J$2:$J$61) -> 0 | K69: 4
C70: TOLVA | D70: =SUMIF($E$2:$E$61,C70,$O$2:$O$61) -> 0 | H70: Equ. Facturado semanal | I70: 26/12 a 31/12 | J70: =SUMIF($L$2:$L$61,K70,$J$2:$J$61) -> 0 | K70: 5
C74: Total | D74: =SUM(D64:D73) -> 0 | E74: Total | F74: =SUM(F64:F73) -> 0
A75: Observaciones | I75: Atrasos por Areas | J75: Motivos de Atrasos
A76: 44896 | B76: Jue
A77: =+A76+1 -> 44897 | B77: Vie
A78: =+A77+1 -> 44898 | B78: Sab
A79: =+A78+1 -> 44899 | B79: Dom
A80: =+A79+1 -> 44900 | B80: Lun
A81: =+A80+1 -> 44901 | B81: Mar
A82: =+A81+1 -> 44902 | B82: Mie
A83: =+A82+1 -> 44903 | B83: Jue
A84: =+A83+1 -> 44904 | B84: Vie
A85: =+A84+1 -> 44905 | B85: Sab
A86: =+A85+1 -> 44906 | B86: Dom
A87: =+A86+1 -> 44907 | B87: Lun
A88: =+A87+1 -> 44908 | B88: Mar
... A106: =+A105+1 -> 44926 | B106: Sab
A108: LEYENDA DE ATRASOS POR AREAS
A109: =COUNTIF($I$76:$I$109,B109) -> 0 | B109: ING-A | C109: INGENIERIA = ING-ATRASO
A110: =COUNTIF($I$76:$I$109,B110) -> 0 | B110: CP-A | C110: CORTE Y PLEGADO = CP-ATRASO
A111: =COUNTIF($I$76:$I$109,B111) -> 0 | B111: AR-A | C111: ARMADO Y REMATE = AR-ATRASO
A112: =COUNTIF($I$76:$I$109,B112) -> 0 | B112: MON-A | C112: MONTAJE = MON-ATRASO
A113: =COUNTIF($I$76:$I$109,B113) -> 0 | B113: HID-A | C113: HIDRAULICA = HID-ATRASO
A114: =COUNTIF($I$76:$I$109,B114) -> 0 | B114: PIN-A | C114: PINTURA = PIN-ATRASO
A115: =COUNTIF($I$76:$I$109,B115) -> 0 | B115: TERM-A | C115: TERMINACIONES = TERM-ATRASO
A116: =COUNTIF($I$76:$I$109,B116) -> 0 | B116: VEN-A | C116: VENTAS = VEN-ATRASO
A117: =COUNTIF($I$76:$I$109,B117) -> 0 | B117: PS-A | C117: PATIO STOCK = PS-ATRASO
A118: =COUNTIF($I$76:$I$109,B118) -> 0 | B118: TMI | C118: TIEMPO MUERTO INICIO = TMI
A119: =COUNTIF($I$76:$I$109,B119) -> 0 | B119: TMS | C119: TIEMPO MUERTO STOCK = TMS
A125: MOTIVOS DE ATRASOS
A126: =COUNTIF($J$76:$J$109,B126) -> 0 | B126: FM | C126: FALLA MAQUINARIA
A127: =COUNTIF($J$76:$J$109,B127) -> 0 | B127: FMAT | C127: FALTA MATERIAL
A128: =COUNTIF($J$76:$J$109,B128) -> 0 | B128: FS | C128: FALLA SUMINISTRO
A129: =COUNTIF($J$76:$J$109,B129) -> 0 | B129: FH | C129: FALTA HERRAMIENTA
A130: =COUNTIF($J$76:$J$109,B130) -> 0 | B130: AP | C130: AUSENCIA PERSONAL
A131: =COUNTIF($J$76:$J$109,B131) -> 0 | B131: EP | C131: ESPERA PROSESO
A132: =COUNTIF($J$76:$J$109,B132) -> 0 | B132: CAP | C132: CAMBIO PRIORIDAD
A133: =COUNTIF($J$76:$J$109,B133) -> 0 | B133: PC | C133: PROBLEMA EN CAMION
A134: =COUNTIF($J$76:$J$109,B134) -> 0 | B134: REP | C134: REPROCESO
A135: =COUNTIF($J$76:$J$109,B135) -> 0 | B135: GA | C135: GARANTIA
A136: =COUNTIF($J$76:$J$109,B136) -> 0 | B136: SI | C136: SIN INFORMACION
A137: =COUNTIF($J$76:$J$109,B137) -> 0 | B137: SC | C137: SIN CAMION
A138: =COUNTIF($J$76:$J$109,B138) -> 0 | B138: ET | C138: ESPERA TERCEROS
C145: Distribucion de Hora Extra
C146: Hora Extra Entre semana | D146: Sabado | E146: Domingo | F146: Feriado | G146: Total Hora Extra
G147: =SUM(B147:F147) -> 0

Sheet FEB-23
A1: Prioridad | B1: OT | C1: Cliente Interno | D1: Cliente | E1: Equipo | F1: Modelo/Capacidad | G1: Camion | H1: Modelo | I1: Vin / Patente | J1: VALOR NETO | K1: % | L1: SM | N1: Fecha | P1: INGENIERIA | Q1: Dia | R1: CORTE Y PLEGADO | S1: Dia | T1: ARMADO | U1: Dia | V1: CUADRILLA | W1: MONTAJE | X1: Dia | Y1: CUADRILLA | Z1: PINTURA | AA1: Dia | AB1: CUADRILLA | AC1: HIDRAULICA | AD1: Dia | AE1: CUADRILLA | AF1: TERMINACIONES | AG1: Dia | AH1: CUADRILLA | AI1: PTO | AJ1: STOCK | AK1: BBA H | AL1: STOCK | AM1: CILINDRO | AN1: BBA CENT. | AO1: Pintura | AP1: Acero
K2: 0 | L2: - | M2: - | N2: - | O2: 1 | P2: - | Q2: - | R2: - | S2: - | T2: - | U2: - | V2: - | W2: - | X2: - | Y2: - | Z2: - | AA2: - | AB2: - | AC2: - | AD2: - | AE2: - | AF2: - | AG2: - | AH2: -
K3: 0 | L3: - | M3: - | N3: - | O3: 1 | P3: - | Q3: - | R3: - | S3: - | T3: - | U3: - | V3: - | W3: - | X3: - | Y3: - | Z3: - | AA3: - | AB3: - | AC3: - | AD3: - | AE3: - | AF3: - | AG3: - | AH3: -
K4: 0 | L4: - | M4: - | N4: - | O4: 1 | P4: - | Q4: - | R4: - | S4: - | T4: - | U4: - | V4: - | W4: - | X4: - | Y4: - | Z4: - | AA4: - | AB4: - | AC4: - | AD4: - | AE4: - | AF4: - | AG4: - | AH4: -
K5: 0 | L5: - | M5: - | N5: - | O5: 1 | P5: - | Q5: - | R5: - | S5: - | T5: - | U5: - | V5: - | W5: - | X5: - | Y5: - | Z5: - | AA5: - | AB5: - | AC5: - | AD5: - | AE5: - | AF5: - | AG5: - | AH5: -
K6: 0 | L6: - | M6: - | N6: - | O6: 1 | P6: - | Q6: - | R6: - | S6: - | T6: - | U6: - | V6: - | W6: - | X6: - | Y6: - | Z6: - | AA6: - | AB6: - | AC6: - | AD6: - | AE6: - | AF6: - | AG6: - | AH6: -
K7: 0 | L7: - | M7: - | N7: - | O7: 1 | P7: - | Q7: - | R7: - | S7: - | T7: - | U7: - | V7: - | W7: - | X7: - | Y7: - | Z7: - | AA7: - | AB7: - | AC7: - | AD7: - | AE7: - | AF7: - | AG7: - | AH7: -
K8: 0 | L8: - | M8: - | N8: - | O8: 1 | P8: - | Q8: - | R8: - | S8: - | T8: - | U8: - | V8: - | W8: - | X8: - | Y8: - | Z8: - | AA8: - | AB8: - | AC8: - | AD8: - | AE8: - | AF8: - | AG8: - | AH8: -
K9: 0 | L9: - | M9: - | N9: - | O9: 1 | P9: - | Q9: - | R9: - | S9: - | T9: - | U9: - | V9: - | W9: - | X9: - | Y9: - | Z9: - | AA9: - | AB9: - | AC9: - | AD9: - | AE9: - | AF9: - | AG9: - | AH9: -
K10: 0 | L10: - | M10: - | N10: - | O10: 1 | P10: - | Q10: - | R10: - | S10: - | T10: - | U10: - | V10: - | W10: - | X10: - | Y10: - | Z10: - | AA10: - | AB10: - | AC10: - | AD10: - | AE10: - | AF10: - | AG10: - | AH10: -
K11: 0 | L11: - | M11: - | N11: - | O11: 1 | P11: - | Q11: - | R11: - | S11: - | T11: - | U11: - | V11: - | W11: - | X11: - | Y11: - | Z11: - | AA11: - | AB11: - | AC11: - | AD11: - | AE11: - | AF11: - | AG11: - | AH11: -
K12: 0 | L12: - | M12: - | N12: - | O12: 1 | P12: - | Q12: - | R12: - | S12: - | T12: - | U12: - | V12: - | W12: - | X12: - | Y12: - | Z12: - | AA12: - | AB12: - | AC12: - | AD12: - | AE12: - | AF12: - | AG12: - | AH12: -
K13: 0 | L13: - | M13: - | N13: - | O13: 1 | P13: - | Q13: - | R13: - | S13: - | T13: - | U13: - | V13: - | W13: - | X13: - | Y13: - | Z13: - | AA13: - | AB13: - | AC13: - | AD13: - | AE13: - | AF13: - | AG13: - | AH13: -
... K61: 0 | L61: - | M61: - | N61: - | O61: 1 | P61: - | Q61: - | R61: - | S61: - | T61: - | U61: - | V61: - | W61: - | X61: - | Y61: - | Z61: - | AA61: - | AB61: - | AC61: - | AD61: - | AE61: - | AF61: - | AG61: - | AH61: -
C63: Mix de Producto | E63: Cliente Interno | H63: Total equipo Diciembre | I63: =SUM(O2:O61) -> 60 | J63: =SUM(J2:J61) -> 0 | K63: =SUM(P63:AH63) -> 1 | P63: 0.03 | R63: 0.1 | T63: 0.3 | W63: 0.3 | Z63: 0.1 | AC63: 0.12 | AF63: 0.05
C64: ALJIBE | D64: =SUMIF($E$2:$E$61,C64,$O$2:$O$61) -> 0 | E64: ETP | F64: =SUMIF($C$2:$C$61,E64,$O$2:$O$61) -> 0 | M64: Equipo Fab hasta
C65: ATMOSFERICO | D65: =SUMIF($E$2:$E$61,C65,$O$2:$O$61) -> 0 | E65: CENTRO EQUIPOS | F65: =SUMIF($C$2:$C$61,E65,$O$2:$O$61) -> 0 | H65: Equ. Fab. Y Facturado | J65: =SUMIF(K2:K61,K65,J2:J61) -> 0 | K65: 1 | N65: =SUMIF($K$2:$K$61,K65,$O$2:$O$61) -> 0
C66: CARROCERIA MINERA | D66: =SUMIF($E$2:$E$61,C66,$O$2:$O$61) -> 0 | E66: ETP / EYC | F66: =SUMIF($C$2:$C$61,E66,$O$2:$O$61) -> 0 | H66: Equ. Facturado semanal | I66: 28/11 a 03/12 | J66: =SUMIF($L$2:$L$61,K66,$J$2:$J$61) -> 0 | K66: 1
C67: COMBUSTIBLE | D67: =SUMIF($E$2:$E$61,C67,$O$2:$O$61) -> 0 | H67: Equ. Facturado semanal | I67: 05/12 a 10/12 | J67: =SUMIF($L$2:$L$61,K67,$J$2:$J$61) -> 0 | K67: 2
C68: COMBUSTIBLE AVIACION | D68: =SUMIF($E$2:$E$61,C68,$O$2:$O$61) -> 0 | H68: Equ. Facturado semanal | I68: 12/12 a 17/12 | J68: =SUMIF($L$2:$L$61,K68,$J$2:$J$61) -> 0 | K68: 3
C69: LUBRICADOR | D69: =SUMIF($E$2:$E$61,C69,$O$2:$O$61) -> 0 | H69: Equ. Facturado semanal | I69: 19/12 a 24/15 | J69: =SUMIF($L$2:$L$61,K69,$J$2:$J$61) -> 0 | K69: 4
C70: TOLVA | D70: =SUMIF($E$2:$E$61,C70,$O$2:$O$61) -> 0 | H70: Equ. Facturado semanal | I70: 26/12 a 31/12 | J70: =SUMIF($L$2:$L$61,K70,$J$2:$J$61) -> 0 | K70: 5
C74: Total | D74: =SUM(D64:D73) -> 0 | E74: Total | F74: =SUM(F64:F73) -> 0
A75: Observaciones | I75: Atrasos por Areas | J75: Motivos de Atrasos
A76: 44896 | B76: Jue
A77: =+A76+1 -> 44897 | B77: Vie
A78: =+A77+1 -> 44898 | B78: Sab
A79: =+A78+1 -> 44899 | B79: Dom
A80: =+A79+1 -> 44900 | B80: Lun
A81: =+A80+1 -> 44901 | B81: Mar
A82: =+A81+1 -> 44902 | B82: Mie
A83: =+A82+1 -> 44903 | B83: Jue
A84: =+A83+1 -> 44904 | B84: Vie
A85: =+A84+1 -> 44905 | B85: Sab
A86: =+A85+1 -> 44906 | B86: Dom
A87: =+A86+1 -> 44907 | B87: Lun
A88: =+A87+1 -> 44908 | B88: Mar
... A106: =+A105+1 -> 44926 | B106: Sab
A108: LEYENDA DE ATRASOS POR AREAS
A109: =COUNTIF($I$76:$I$109,B109) -> 0 | B109: ING-A | C109: INGENIERIA = ING-ATRASO
A110: =COUNTIF($I$76:$I$109,B110) -> 0 | B110: CP-A | C110: CORTE Y PLEGADO = CP-ATRASO
A111: =COUNTIF($I$76:$I$109,B111) -> 0 | B111: AR-A | C111: ARMADO Y REMATE = AR-ATRASO
A112: =COUNTIF($I$76:$I$109,B112) -> 0 | B112: MON-A | C112: MONTAJE = MON-ATRASO
A113: =COUNTIF($I$76:$I$109,B113) -> 0 | B113: HID-A | C113: HIDRAULICA = HID-ATRASO
A114: =COUNTIF($I$76:$I$109,B114) -> 0 | B114: PIN-A | C114: PINTURA = PIN-ATRASO
A115: =COUNTIF($I$76:$I$109,B115) -> 0 | B115: TERM-A | C115: TERMINACIONES = TERM-ATRASO
A116: =COUNTIF($I$76:$I$109,B116) -> 0 | B116: VEN-A | C116: VENTAS = VEN-ATRASO
A117: =COUNTIF($I$76:$I$109,B117) -> 0 | B117: PS-A | C117: PATIO STOCK = PS-ATRASO
A118: =COUNTIF($I$76:$I$109,B118) -> 0 | B118: TMI | C118: TIEMPO MUERTO INICIO = TMI
A119: =COUNTIF($I$76:$I$109,B119) -> 0 | B119: TMS | C119: TIEMPO MUERTO STOCK = TMS
A125: MOTIVOS DE ATRASOS
A126: =COUNTIF($J$76:$J$109,B126) -> 0 | B126: FM | C126: FALLA MAQUINARIA
A127: =COUNTIF($J$76:$J$109,B127) -> 0 | B127: FMAT | C127: FALTA MATERIAL
A128: =COUNTIF($J$76:$J$109,B128) -> 0 | B128: FS | C128: FALLA SUMINISTRO
A129: =COUNTIF($J$76:$J$109,B129) -> 0 | B129: FH | C129: FALTA HERRAMIENTA
A130: =COUNTIF($J$76:$J$109,B130) -> 0 | B130: AP | C130: AUSENCIA PERSONAL
A131: =COUNTIF($J$76:$J$109,B131) -> 0 | B131: EP | C131: ESPERA PROSESO
A132: =COUNTIF($J$76:$J$109,B132) -> 0 | B132: CAP | C132: CAMBIO PRIORIDAD
A133: =COUNTIF($J$76:$J$109,B133) -> 0 | B133: PC | C133: PROBLEMA EN CAMION
A134: =COUNTIF($J$76:$J$109,B134) -> 0 | B134: REP | C134: REPROCESO
A135: =COUNTIF($J$76:$J$109,B135) -> 0 | B135: GA | C135: GARANTIA
A136: =COUNTIF($J$76:$J$109,B136) -> 0 | B136: SI | C136: SIN INFORMACION
A137: =COUNTIF($J$76:$J$109,B137) -> 0 | B137: SC | C137: SIN CAMION
A138: =COUNTIF($J$76:$J$109,B138) -> 0 | B138: ET | C138: ESPERA TERCEROS
C145: Distribucion de Hora Extra
C146: Hora Extra Entre semana | D146: Sabado | E146: Domingo | F146: Feriado | G146: Total Hora Extra
G147: =SUM(B147:F147) -> 0

Sheet MAR-23
A1: Prioridad | B1: OT | C1: Cliente Interno | D1: Cliente | E1: Equipo | F1: Modelo/Capacidad | G1: Camion | H1: Modelo | I1: Vin / Patente | J1: VALOR NETO | K1: % | L1: SM | N1: Fecha | P1: INGENIERIA | Q1: Dia | R1: CORTE Y PLEGADO | S1: Dia | T1: ARMADO | U1: Dia | V1: CUADRILLA | W1: MONTAJE | X1: Dia | Y1: CUADRILLA | Z1: PINTURA | AA1: Dia | AB1: CUADRILLA | AC1: HIDRAULICA | AD1: Dia | AE1: CUADRILLA | AF1: TERMINACIONES | AG1: Dia | AH1: CUADRILLA | AI1: PTO | AJ1: STOCK | AK1: BBA H | AL1: STOCK | AM1: CILINDRO | AN1: BBA CENT. | AO1: Pintura | AP1: Acero
A2: Entregado | B2: 1456 | C2: ETP | D2: PTO / PORSCHE | E2: CARROCERIA MINERA | F2: 6300x2600x4x500 | G2: V.WAGEN | H2: - | I2: - | J2: 7000000 | K2: 1 | L2: 3 | M2: OK | N2: 44998 | O2: 1 | P2: OK | Q2: - | R2: OK | S2: - | T2: OK | U2: - | V2: - | W2: OK | X2: - | Y2: - | Z2: OK | AA2: - | AB2: - | AC2: OK | AD2: - | AE2: - | AF2: OK | AG2: - | AH2: -
A3: Entregado | B3: 1332 | C3: ETP / EYC | D3: EYC / MUNI. DE CALAMA | E3: ALJIBE | F3: 10 M3 INOX PRESURIZADO | G3: V.WAGEN | H3: - | I3: - | J3: 26500000 | K3: 1 | L3: 3 | M3: OK | N3: 44999 | O3: 1 | P3: OK | Q3: - | R3: OK | S3: - | T3: OK | U3: - | V3: - | W3: OK | X3: - | Y3: - | Z3: OK | AA3: - | AB3: - | AC3: OK | AD3: - | AE3: - | AF3: OK | AG3: - | AH3: -
A4: Entregado | B4: 1380 | C4: ETP / EYC | D4: EYC / MUNI. DE CALAMA | E4: ALJIBE | F4: 10 M3 INOX PRESURIZADO | G4: V.WAGEN | H4: - | I4: - | J4: 26500000 | K4: 1 | L4: 3 | M4: OK | N4: 44999 | O4: 1 | P4: OK | Q4: - | R4: OK | S4: - | T4: OK | U4: - | V4: - | W4: OK | X4: - | Y4: - | Z4: OK | AA4: - | AB4: - | AC4: OK | AD4: - | AE4: - | AF4: OK | AG4: - | AH4: -
A5: Entregado | B5: 1445 | C5: ETP / EYC | D5: EYC / MUNI. DE CALAMA | E5: ALJIBE | F5: 10 M3 INOX PRESURIZADO | G5: V.WAGEN | H5: - | I5: - | J5: 26500000 | K5: 1 | L5: 3 | M5: OK | N5: 44999 | O5: 1 | P5: OK | Q5: - | R5: OK | S5: - | T5: OK | U5: - | V5: - | W5: OK | X5: - | Y5: - | Z5: OK | AA5: - | AB5: - | AC5: OK | AD5: - | AE5: - | AF5: OK | AG5: - | AH5: -
A6: Entregado | B6: 1612 | C6: CENTRO EQUIPOS | D6: ALMAR WATER | E6: ATMOSFERICO | F6: 5 M³ + 3 M³ + 2 M3 | G6: M.BENZ | H6: - | I6: - | J6: 35170000 | K6: 1 | L6: 3 | M6: OK | N6: 44999 | O6: 1 | P6: OK | Q6: - | R6: OK | S6: - | T6: OK | U6: - | V6: - | W6: OK | X6: - | Y6: - | Z6: OK | AA6: - | AB6: - | AC6: OK | AD6: - | AE6: - | AF6: OK | AG6: - | AH6: -
A7: Entregado | B7: 1637 | C7: ETP / EYC | D7: EYC / MUNI. DE CHAÑARAL | E7: ALJIBE | F7: 15 M³ INOX | G7: V.WAGEN | H7: - | I7: - | J7: 24000000 | K7: 1 | L7: 3 | M7: OK | N7: 44999 | O7: 1 | P7: OK | Q7: - | R7: OK | S7: - | T7: OK | U7: - | V7: - | W7: OK | X7: - | Y7: - | Z7: OK | AA7: - | AB7: - | AC7: OK | AD7: - | AE7: - | AF7: OK | AG7: - | AH7: -
A8: Entregado | B8: 1321 | C8: CENTRO EQUIPOS | D8: VOLVO | E8: TOLVA | F8: TPI 14 M³ | G8: VOLVO | H8: - | I8: - | J8: 14700000 | K8: 1 | L8: 3 | M8: OK | N8: 45000 | O8: 1 | P8: OK | Q8: - | R8: OK | S8: - | T8: OK | U8: - | V8: - | W8: OK | X8: - | Y8: - | Z8: OK | AA8: - | AB8: - | AC8: OK | AD8: - | AE8: - | AF8: OK | AG8: - | AH8: -
A9: Entregado | B9: 1618 | C9: CENTRO EQUIPOS | D9: SKC | E9: ALJIBE | F9: 20 M³ INOX | G9: ASTRA | H9: - | I9: - | J9: 35400000 | K9: 1 | L9: 3 | M9: OK | N9: 45000 | O9: 1 | P9: OK | Q9: - | R9: OK | S9: - | T9: OK | U9: - | V9: - | W9: OK | X9: - | Y9: - | Z9: OK | AA9: - | AB9: - | AC9: OK | AD9: - | AE9: - | AF9: OK | AG9: - | AH9: -
A10: Entregado | B10: 1542 | C10: CENTRO EQUIPOS | D10: CARMONA | E10: ALJIBE | F10: 20 M³ + FLUJOMETRO | G10: V.WAGEN | H10: - | I10: - | J10: 28400000 | K10: 1 | L10: 4 | M10: OK | N10: 45005 | O10: 1 | P10: OK | Q10: - | R10: OK | S10: - | T10: OK | U10: - | V10: - | W10: OK | X10: - | Y10: - | Z10: OK | AA10: - | AB10: - | AC10: OK | AD10: - | AE10: - | AF10: OK | AG10: - | AH10: -
A11: Entregado | B11: 1567 | C11: CENTRO EQUIPOS | D11: SCANIA | E11: TOLVA | F11: TRI 20 M³ PUERTA NORMAL | G11: SCANIA | H11: - | I11: - | J11: 28390000 | K11: 1 | L11: 4 | M11: OK | N11: 45005 | O11: 1 | P11: OK | Q11: - | R11: OK | S11: - | T11: OK | U11: - | V11: - | W11: OK | X11: - | Y11: - | Z11: OK | AA11: - | AB11: - | AC11: OK | AD11: - | AE11: - | AF11: OK | AG11: - | AH11: -
A12: Entregado | B12: 1553 | C12: ETP | D12: AUTO SUMMIT | E12: TOLVA | F12: TRE 6 M³ A 8 M³ | G12: HINO | H12: - | I12: - | J12: 12500000 | K12: 1 | L12: 4 | M12: OK | N12: 45007 | O12: 1 | P12: OK | Q12: - | R12: OK | S12: - | T12: OK | U12: - | V12: - | W12: OK | X12: - | Y12: - | Z12: OK | AA12: - | AB12: - | AC12: OK | AD12: - | AE12: - | AF12: OK | AG12: - | AH12: -
A13: Entregado | B13: 1482 | C13: ETP | D13: KAUFMANN / MORGADO Y CIA | E13: TOLVA | F13: TPI 14 M³ | G13: M.BENZ | H13: - | I13: - | J13: 14700000 | K13: 1 | L13: 4 | M13: OK | N13: 45008 | O13: 1 | P13: OK | Q13: - | R13: OK | S13: - | T13: OK | U13: - | V13: - | W13: OK | X13: - | Y13: - | Z13: OK | AA13: - | AB13: - | AC13: OK | AD13: - | AE13: - | AF13: OK | AG13: - | AH13: -
... A24: Entregado | B24: 1562 | C24: CENTRO EQUIPOS | D24: OSERVIM | E24: CARROCERIA MINERA | F24: 6.300x2.600x4x500 | G24: M.BENZ | H24: - | I24: - | J24: 7000000 | K24: 1 | L24: 7 | M24: OK | N24: 45026 | O24: 1 | P24: OK | Q24: - | R24: OK | S24: - | T24: OK | U24: - | V24: - | W24: OK | X24: - | Y24: - | Z24: OK | AA24: - | AB24: - | AC24: OK | AD24: - | AE24: - | AF24: OK | AG24: - | AH24: -
C26: Mix de Producto | E26: Cliente Interno | H26: Total equipo Marzo | I26: =SUM(O2:O24) -> 23 | J26: =SUM(J2:J24) -> 581420000 | K26: =SUM(P26:AH26) -> 1 | P26: 0.03 | R26: 0.1 | T26: 0.3 | W26: 0.3 | Z26: 0.1 | AC26: 0.12 | AF26: 0.05
C27: ALJIBE | D27: =SUMIF($E$2:$E$24,C27,$O$2:$O$24) -> 10 | E27: ETP | F27: =SUMIF($C$2:$C$24,E27,$O$2:$O$24) -> 4 | M27: Equipo Fab hasta
C28: ATMOSFERICO | D28: =SUMIF($E$2:$E$24,C28,$O$2:$O$24) -> 1 | E28: CENTRO EQUIPOS | F28: =SUMIF($C$2:$C$24,E28,$O$2:$O$24) -> 14 | H28: Equ. Fab. Y Facturado | J28: =SUMIF(K2:K24,K28,J2:J24) -> 581420000 | K28: 1 | N28: =SUMIF($K$2:$K$24,K28,$O$2:$O$24) -> 23
C29: CARROCERIA MINERA | D29: =SUMIF($E$2:$E$24,C29,$O$2:$O$24) -> 4 | E29: ETP / EYC | F29: =SUMIF($C$2:$C$24,E29,$O$2:$O$24) -> 5 | H29: Equ. Facturado semanal | I29: 28/02 a 04/03 | J29: =SUMIF($L$2:$L$24,K29,$J$2:$J$24) -> 0 | K29: 1
C30: COMBUSTIBLE | D30: =SUMIF($E$2:$E$24,C30,$O$2:$O$24) -> 2 | H30: Equ. Facturado semanal | I30: 06/03 a 11/03 | J30: =SUMIF($L$2:$L$24,K30,$J$2:$J$24) -> 0 | K30: 2
C31: COMBUSTIBLE AVIACION | D31: =SUMIF($E$2:$E$24,C31,$O$2:$O$24) -> 0 | H31: Equ. Facturado semanal | I31: 13/03 a 18/03 | J31: =SUMIF($L$2:$L$24,K31,$J$2:$J$24) -> 195770000 | K31: 3
C32: LUBRICADOR | D32: =SUMIF($E$2:$E$24,C32,$O$2:$O$24) -> 0 | H32: Equ. Facturado semanal | I32: 20/03 a 25/03 | J32: =SUMIF($L$2:$L$24,K32,$J$2:$J$24) -> 160890000 | K32: 4
C33: TOLVA | D33: =SUMIF($E$2:$E$24,C33,$O$2:$O$24) -> 6 | H33: Equ. Facturado semanal | I33: 27/03 a 01/04 | J33: =SUMIF($L$2:$L$24,K33,$J$2:$J$24) -> 61000000 | K33: 5
H34: Equ. Facturado semanal | I34: 03/04 a 08/04 | J34: =SUMIF($L$2:$L$24,K34,$J$2:$J$24) -> 156760000 | K34: 6
H35: Equ. Facturado semanal | I35: 10/04 a 15/04 | J35: =SUMIF($L$2:$L$24,K35,$J$2:$J$24) -> 7000000 | K35: 7
C37: Total | D37: =SUM(D27:D36) -> 23 | E37: Total | F37: =SUM(F27:F36) -> 23
A38: Observaciones | I38: Atrasos por Areas | J38: Motivos de Atrasos
A39: 44896 | B39: Jue
A40: =+A39+1 -> 44897 | B40: Vie
A41: =+A40+1 -> 44898 | B41: Sab
A42: =+A41+1 -> 44899 | B42: Dom
A43: =+A42+1 -> 44900 | B43: Lun
A44: =+A43+1 -> 44901 | B44: Mar
A45: =+A44+1 -> 44902 | B45: Mie
A46: =+A45+1 -> 44903 | B46: Jue
A47: =+A46+1 -> 44904 | B47: Vie
A48: =+A47+1 -> 44905 | B48: Sab
A49: =+A48+1 -> 44906 | B49: Dom
A50: =+A49+1 -> 44907 | B50: Lun
A51: =+A50+1 -> 44908 | B51: Mar
... A69: =+A68+1 -> 44926 | B69: Sab
A71: LEYENDA DE ATRASOS POR AREAS
A72: =COUNTIF($I$39:$I$72,B72) -> 0 | B72: ING-A | C72: INGENIERIA = ING-ATRASO
A73: =COUNTIF($I$39:$I$72,B73) -> 0 | B73: CP-A | C73: CORTE Y PLEGADO = CP-ATRASO
A74: =COUNTIF($I$39:$I$72,B74) -> 0 | B74: AR-A | C74: ARMADO Y REMATE = AR-ATRASO
A75: =COUNTIF($I$39:$I$72,B75) -> 0 | B75: MON-A | C75: MONTAJE = MON-ATRASO
A76: =COUNTIF($I$39:$I$72,B76) -> 0 | B76: HID-A | C76: HIDRAULICA = HID-ATRASO
A77: =COUNTIF($I$39:$I$72,B77) -> 0 | B77: PIN-A | C77: PINTURA = PIN-ATRASO
A78: =COUNTIF($I$39:$I$72,B78) -> 0 | B78: TERM-A | C78: TERMINACIONES = TERM-ATRASO
A79: =COUNTIF($I$39:$I$72,B79) -> 0 | B79: VEN-A | C79: VENTAS = VEN-ATRASO
A80: =COUNTIF($I$39:$I$72,B80) -> 0 | B80: PS-A | C80: PATIO STOCK = PS-ATRASO
A81: =COUNTIF($I$39:$I$72,B81) -> 0 | B81: TMI | C81: TIEMPO MUERTO INICIO = TMI
A82: =COUNTIF($I$39:$I$72,B82) -> 0 | B82: TMS | C82: TIEMPO MUERTO STOCK = TMS
A88: MOTIVOS DE ATRASOS
A89: =COUNTIF($J$39:$J$72,B89) -> 0 | B89: FM | C89: FALLA MAQUINARIA
A90: =COUNTIF($J$39:$J$72,B90) -> 0 | B90: FMAT | C90: FALTA MATERIAL
A91: =COUNTIF($J$39:$J$72,B91) -> 0 | B91: FS | C91: FALLA SUMINISTRO
A92: =COUNTIF($J$39:$J$72,B92) -> 0 | B92: FH | C92: FALTA HERRAMIENTA
A93: =COUNTIF($J$39:$J$72,B93) -> 0 | B93: AP | C93: AUSENCIA PERSONAL
A94: =COUNTIF($J$39:$J$72,B94) -> 0 | B94: EP | C94: ESPERA PROSESO
A95: =COUNTIF($J$39:$J$72,B95) -> 0 | B95: CAP | C95: CAMBIO PRIORIDAD
A96: =COUNTIF($J$39:$J$72,B96) -> 0 | B96: PC | C96: PROBLEMA EN CAMION
A97: =COUNTIF($J$39:$J$72,B97) -> 0 | B97: REP | C97: REPROCESO
A98: =COUNTIF($J$39:$J$72,B98) -> 0 | B98: GA | C98: GARANTIA
A99: =COUNTIF($J$39:$J$72,B99) -> 0 | B99: SI | C99: SIN INFORMACION
A100: =COUNTIF($J$39:$J$72,B100) -> 0 | B100: SC | C100: SIN CAMION
A101: =COUNTIF($J$39:$J$72,B101) -> 0 | B101: ET | C101: ESPERA TERCEROS
C108: Distribucion de Hora Extra
C109: Hora Extra Entre semana | D109: Sabado | E109: Domingo | F109: Feriado | G109: Total Hora Extra
C110: 220 | D110: 695 | E110: 369 | F110: 0 | G110: =SUM(B110:F110) -> 1284

Sheet ABR-23
A1: Prioridad | B1: OT | C1: Cliente Interno | D1: Cliente | E1: Equipo | F1: Modelo/Capacidad | G1: Camion | H1: Modelo | I1: Vin / Patente | J1: VALOR NETO | K1: % | L1: SM | N1: Fecha | P1: INGENIERIA | Q1: Dia | R1: CORTE Y PLEGADO | S1: Dia | T1: ARMADO | U1: Dia | V1: CUADRILLA | W1: MONTAJE | X1: Dia | Y1: CUADRILLA | Z1: PINTURA | AA1: Dia | AB1: CUADRILLA | AC1: HIDRAULICA | AD1: Dia | AE1: CUADRILLA | AF1: TERMINACIONES | AG1: Dia | AH1: CUADRILLA | AI1: PTO | AJ1: STOCK | AK1: BBA H | AL1: STOCK | AM1: CILINDRO | AN1: BBA CENT. | AO1: Pintura | AP1: Acero
B2: 1464 | C2: CENTRO EQUIPOS | D2: SCANIA | E2: ALJIBE | F2: 35 M³ | G2: SCANIA | H2: G500 | I2: 4032799 | J2: 27500000 | K2: 0 | L2: - | M2: - | N2: - | O2: 1 | P2: OK | Q2: - | R2: OK | S2: - | T2: OK | U2: - | V2: - | W2: P | X2: - | Y2: - | Z2: - | AA2: - | AB2: - | AC2: - | AD2: - | AE2: - | AF2: - | AG2: - | AH2: -
B3: 1465 | C3: CENTRO EQUIPOS | D3: SCANIA | E3: ALJIBE | F3: 35 M³ | G3: SCANIA | H3: G500 | I3: 4032822 | J3: 27500000 | K3: 0 | L3: - | M3: - | N3: - | O3: 1 | P3: OK | Q3: - | R3: OK | S3: - | T3: P | U3: - | V3: - | W3: - | X3: - | Y3: - | Z3: - | AA3: - | AB3: - | AC3: - | AD3: - | AE3: - | AF3: - | AG3: - | AH3: -
B4: 1511 | C4: CENTRO EQUIPOS | D4: ENEX | E4: COMBUSTIBLE | F4: 18 M³ ALTO FLUJO | G4: RENAULT | H4: K480 | I4: 246 | J4: 95760000 | K4: 0 | L4: - | M4: - | N4: - | O4: 1 | P4: OK | Q4: - | R4: OK | S4: - | T4: P | U4: - | V4: - | W4: - | X4: - | Y4: - | Z4: - | AA4: - | AB4: - | AC4: - | AD4: - | AE4: - | AF4: - | AG4: - | AH4: -
B5: 1513 | C5: CENTRO EQUIPOS | D5: ENEX | E5: COMBUSTIBLE | F5: 18 M³ ALTO FLUJO | G5: RENAULT | H5: K480 | I5: 248 | J5: 95760000 | K5: 0 | L5: - | M5: - | N5: - | O5: 1 | P5: OK | Q5: - | R5: OK | S5: - | T5: OK | U5: - | V5: - | W5: OK | X5: - | Y5: - | Z5: OK | AA5: - | AB5: - | AC5: P | AD5: - | AE5: - | AF5: P | AG5: - | AH5: -
B6: 1515 | C6: CENTRO EQUIPOS | D6: ENEX | E6: COMBUSTIBLE | F6: 18 M³ ALTO FLUJO | G6: RENAULT | H6: K480 | I6: 250 | J6: 95760000 | K6: 0 | L6: - | M6: - | N6: - | O6: 1 | P6: OK | Q6: - | R6: OK | S6: - | T6: OK | U6: - | V6: - | W6: P | X6: - | Y6: - | Z6: - | AA6: - | AB6: - | AC6: - | AD6: - | AE6: - | AF6: - | AG6: - | AH6: -
B7: 1531 | C7: CENTRO EQUIPOS | D7: MINERA SIERRA GORDA | E7: ALJIBE | F7: 30 M³ | G7: VOLVO | H7: FMX 500 | I7: 927895 | J7: 27500000 | K7: 0 | L7: - | M7: - | N7: - | O7: 1 | P7: OK | Q7: - | R7: OK | S7: - | T7: P | U7: - | V7: - | W7: - | X7: - | Y7: - | Z7: - | AA7: - | AB7: - | AC7: - | AD7: - | AE7: - | AF7: - | AG7: - | AH7: -
B8: 1535 | C8: CENTRO EQUIPOS | D8: SALFA / MUNI. DE ISLA DE MAIPO | E8: ATMOSFERICO | F8: 13 M³ | G8: CHEVROLET | H8: FVR 1826 | I8: 7000959 | J8: 29500000 | K8: 0 | L8: - | M8: - | N8: - | O8: 1 | P8: EP | Q8: - | R8: - | S8: - | T8: - | U8: - | V8: - | W8: - | X8: - | Y8: - | Z8: - | AA8: - | AB8: - | AC8: - | AD8: - | AE8: - | AF8: - | AG8: - | AH8: -
B9: 1537 | C9: CENTRO EQUIPOS | D9: SCANIA | E9: TOLVA | F9: TFR 22 M³ + PUERTA MINERA | G9: SCANIA | H9: P 450 | I9: 4036672 | J9: 26500000 | K9: 0 | L9: - | M9: - | N9: - | O9: 1 | P9: OK | Q9: - | R9: OK | S9: - | T9: P | U9: - | V9: - | W9: P | X9: - | Y9: - | Z9: - | AA9: - | AB9: - | AC9: - | AD9: - | AE9: - | AF9: - | AG9: - | AH9: -
B10: 1594 | C10: CENTRO EQUIPOS | D10: OSERVIM | E10: ALJIBE | F10: 20 M³ INOX | G10: V.WAGEN | H10: 32360 | I10: 25720 | J10: 31800000 | K10: 0 | L10: - | M10: - | N10: - | O10: 1 | P10: OK | Q10: - | R10: OK | S10: - | T10: OK | U10: - | V10: - | W10: OK | X10: - | Y10: - | Z10: EP | AA10: - | AB10: - | AC10: P | AD10: - | AE10: - | AF10: - | AG10: - | AH10: -
B11: 1595 | C11: CENTRO EQUIPOS | D11: OSERVIM | E11: ALJIBE | F11: 20 M³ INOX | G11: V.WAGEN | H11: 32360 | I11: 32032 | J11: 31800000 | K11: 0 | L11: - | M11: - | N11: - | O11: 1 | P11: OK | Q11: - | R11: OK | S11: - | T11: EP | U11: - | V11: - | W11: - | X11: - | Y11: - | Z11: - | AA11: - | AB11: - | AC11: - | AD11: - | AE11: - | AF11: - | AG11: - | AH11: -
B12: 1592 | C12: CENTRO EQUIPOS | D12: OSERVIM | E12: TOLVA | F12: TRE 10 M³ A 12 M³ INOX | G12: M.BENZ | H12: ATEGO 2730 | I12: 267597 | J12: 25800000 | K12: 0 | L12: - | M12: - | N12: - | O12: 1 | P12: OK | Q12: - | R12: EP | S12: - | T12: - | U12: - | V12: - | W12: - | X12: - | Y12: - | Z12: - | AA12: - | AB12: - | AC12: - | AD12: - | AE12: - | AF12: - | AG12: - | AH12: -
B13: 1617 | C13: CENTRO EQUIPOS | D13: SKC / SAN PEDRO DE ATACAMA | E13: ALJIBE | F13: 30 M³ INOX | G13: ASTRA | H13: HD 84.48 | I13: 11201 | J13: 53400000 | K13: 0 | L13: - | M13: - | N13: - | O13: 1 | P13: OK | Q13: - | R13: OK | S13: - | T13: OK | U13: - | V13: - | W13: OK | X13: - | Y13: - | Z13: OK | AA13: - | AB13: - | AC13: P | AD13: - | AE13: - | AF13: OK | AG13: - | AH13: -
B14: 1442 | C14: ETP | D14: JUAN LOYOLA MOLINA | E14: TOLVA | F14: TPR 20 M³ A 23 M³ | G14: VOLVO | H14: FMX 500 | I14: 928907 | J14: 26500000 | K14: 0 | L14: - | M14: - | N14: - | O14: 1 | P14: EP | Q14: - | R14: OK | S14: - | T14: EP | U14: - | V14: - | X14: - | Y14: - | AA14: - | AB14: - | AD14: - | AE14: - | AG14: - | AH14: -
B15: 1449 | C15: ETP | D15: TRESUR | E15: COMBUSTIBLE | F15: 5 M³ | G15: V.WAGEN | H15: 9170 | I15: 15629 | J15: 20500000 | K15: 0 | L15: - | M15: - | N15: - | O15: 1 | P15: OK | Q15: - | R15: OK | S15: - | T15: EP | U15: - | V15: - | W15: - | X15: - | Y15: - | Z15: - | AA15: - | AB15: - | AC15: - | AD15: - | AE15: - | AF15: - | AG15: - | AH15: -
B16: 1639 | C16: ETP | D16: TRANSP. RUBIO | E16: TOLVA | F16: TRE 8 M³ + PUERTA MINERA | G16: VOLVO | H16: VM 270 | I16: LXDZ·89 | J16: 13900000 | K16: 0 | L16: - | M16: - | N16: - | O16: 1 | P16: OK | Q16: - | R16: P | S16: - | T16: - | U16: - | V16: - | W16: - | X16: - | Y16: - | Z16: - | AA16: - | AB16: - | AC16: - | AD16: - | AE16: - | AF16: - | AG16: - | AH16: -
B17: 1642 | C17: ETP / EYC | D17: EYC / MUNI. LA GRANJA | E17: ESPECIAL | F17: ALJIBE 10 M³ MOTOBOMBA + OPENTOP 15 M³ | G17: V.WAGEN | H17: 24330 | I17: - | J17: 23000000 | K17: 0 | L17: - | M17: - | N17: - | O17: 1 | P17: OK | Q17: - | R17: OK | S17: - | T17: OK | U17: - | V17: - | W17: P | X17: - | Y17: - | Z17: - | AA17: - | AB17: - | AC17: P | AD17: - | AE17: - | AF17: - | AG17: - | AH17: -
B18: 1643 | C18: ETP / EYC | D18: EYC / MUNI. LA GRANJA | E18: ESPECIAL | F18: ALJIBE 10 M³ MOTOBOMBA + OPENTOP 15 M³ | G18: V.WAGEN | H18: 24330 | I18: - | J18: 23000000 | K18: 0 | L18: - | M18: - | N18: - | O18: 1 | P18: OK | Q18: - | R18: OK | S18: - | T18: OK | U18: - | V18: - | W18: P | X18: - | Y18: - | Z18: - | AA18: - | AB18: - | AC18: P | AD18: - | AE18: - | AF18: - | AG18: - | AH18: -
B19: 1644 | C19: ETP / EYC | D19: EYC / MUNI. DE PAINE | E19: TOLVA | F19: 10 M³ | G19: V.WAGEN | H19: 26280 | I19: 45310 | J19: 15000000 | K19: 0 | L19: - | M19: - | N19: - | O19: 1 | P19: OK | Q19: - | R19: OK | S19: - | T19: OK | U19: - | V19: - | W19: EP | X19: - | Y19: - | Z19: - | AA19: - | AB19: - | AC19: - | AD19: - | AE19: - | AF19: - | AG19: - | AH19: -
B20: 1645 | C20: ETP | D20: DIFOR | E20: TOLVA | F20: 6 a 10 M³ | G20: V.WAGEN | H20: - | I20: - | J20: 12500000 | K20: 0 | L20: - | M20: - | N20: - | O20: 1 | P20: OK | Q20: - | R20: OK | S20: - | T20: EP | U20: - | V20: - | W20: - | X20: - | Y20: - | Z20: - | AA20: - | AB20: - | AC20: - | AD20: - | AE20: - | AF20: - | AG20: - | AH20: -
B21: 1646 | C21: ETP | D21: CECOR / SALAZAR ISRAEL | E21: TOLVA | F21: TPI 14 M³ | G21: V.WAGEN | H21: 31330 | I21: - | J21: 15500000 | K21: 0 | L21: - | M21: - | N21: - | O21: 1 | P21: OK | Q21: - | R21: EP | S21: - | T21: - | U21: - | V21: - | W21: - | X21: - | Y21: - | Z21: - | AA21: - | AB21: - | AC21: - | AD21: - | AE21: - | AF21: - | AG21: - | AH21: -
A22: Entregado | B22: 1648 | C22: CENTRO EQUIPOS | D22: VOLVO | E22: TOLVA | F22: TPI 14 M³ | G22: VOLVO | H22: VMX 350 | I22: 190644 | J22: 0 | K22: 1 | L22: 1 | M22: OK | N22: 45022 | O22: 1 | P22: OK | Q22: - | R22: OK | S22: - | T22: OK | U22: - | V22: - | W22: OK | X22: - | Y22: - | Z22: OK | AA22: - | AB22: - | AC22: OK | AD22: - | AE22: - | AF22: OK | AG22: - | AH22: -
K23: 0 | L23: - | M23: - | N23: - | O23: 1 | P23: - | Q23: - | R23: - | S23: - | T23: - | U23: - | V23: - | W23: - | X23: - | Y23: - | Z23: - | AA23: - | AB23: - | AC23: - | AD23: - | AE23: - | AF23: - | AG23: - | AH23: -
K24: 0 | L24: - | M24: - | N24: - | O24: 1 | P24: - | Q24: - | R24: - | S24: - | T24: - | U24: - | V24: - | W24: - | X24: - | Y24: - | Z24: - | AA24: - | AB24: - | AC24: - | AD24: - | AE24: - | AF24: - | AG24: - | AH24: -
K25: 0 | L25: - | M25: - | N25: - | O25: 1 | P25: - | Q25: - | R25: - | S25: - | T25: - | U25: - | V25: - | W25: - | X25: - | Y25: - | Z25: - | AA25: - | AB25: - | AC25: - | AD25: - | AE25: - | AF25: - | AG25: - | AH25: -
K26: 0 | L26: - | M26: - | N26: - | O26: 1 | P26: - | Q26: - | R26: - | S26: - | T26: - | U26: - | V26: - | W26: - | X26: - | Y26: - | Z26: - | AA26: - | AB26: - | AC26: - | AD26: - | AE26: - | AF26: - | AG26: - | AH26: -
K27: 0 | L27: - | M27: - | N27: - | O27: 1 | P27: - | Q27: - | R27: - | S27: - | T27: - | U27: - | V27: - | W27: - | X27: - | Y27: - | Z27: - | AA27: - | AB27: - | AC27: - | AD27: - | AE27: - | AF27: - | AG27: - | AH27: -
K28: 0 | L28: - | M28: - | N28: - | O28: 1 | P28: - | Q28: - | R28: - | S28: - | T28: - | U28: - | V28: - | W28: - | X28: - | Y28: - | Z28: - | AA28: - | AB28: - | AC28: - | AD28: - | AE28: - | AF28: - | AG28: - | AH28: -
K29: 0 | L29: - | M29: - | N29: - | O29: 1 | P29: - | Q29: - | R29: - | S29: - | T29: - | U29: - | V29: - | W29: - | X29: - | Y29: - | Z29: - | AA29: - | AB29: - | AC29: - | AD29: - | AE29: - | AF29: - | AG29: - | AH29: -
K30: 0 | L30: - | M30: - | N30: - | O30: 1 | P30: - | Q30: - | R30: - | S30: - | T30: - | U30: - | V30: - | W30: - | X30: - | Y30: - | Z30: - | AA30: - | AB30: - | AC30: - | AD30: - | AE30: - | AF30: - | AG30: - | AH30: -
K31: 0 | L31: - | M31: - | N31: - | O31: 1 | P31: - | Q31: - | R31: - | S31: - | T31: - | U31: - | V31: - | W31: - | X31: - | Y31: - | Z31: - | AA31: - | AB31: - | AC31: - | AD31: - | AE31: - | AF31: - | AG31: - | AH31: -
K32: 0 | L32: - | M32: - | N32: - | O32: 1 | P32: - | Q32: - | R32: - | S32: - | T32: - | U32: - | V32: - | W32: - | X32: - | Y32: - | Z32: - | AA32: - | AB32: - | AC32: - | AD32: - | AE32: - | AF32: - | AG32: - | AH32: -
K33: 0 | L33: - | M33: - | N33: - | O33: 1 | P33: - | Q33: - | R33: - | S33: - | T33: - | U33: - | V33: - | W33: - | X33: - | Y33: - | Z33: - | AA33: - | AB33: - | AC33: - | AD33: - | AE33: - | AF33: - | AG33: - | AH33: -
K34: 0 | L34: - | M34: - | N34: - | O34: 1 | P34: - | Q34: - | R34: - | S34: - | T34: - | U34: - | V34: - | W34: - | X34: - | Y34: - | Z34: - | AA34: - | AB34: - | AC34: - | AD34: - | AE34: - | AF34: - | AG34: - | AH34: -
... K61: 0 | L61: - | M61: - | N61: - | O61: 1 | P61: - | Q61: - | R61: - | S61: - | T61: - | U61: - | V61: - | W61: - | X61: - | Y61: - | Z61: - | AA61: - | AB61: - | AC61: - | AD61: - | AE61: - | AF61: - | AG61: - | AH61: -
C63: Mix de Producto | E63: Cliente Interno | H63: Total equipo Diciembre | I63: =SUM(O2:O61) -> 60 | J63: =SUM(J2:J61) -> 718480000 | K63: =SUM(P63:AH63) -> 1 | P63: 0.03 | R63: 0.1 | T63: 0.3 | W63: 0.3 | Z63: 0.1 | AC63: 0.12 | AF63: 0.05
C64: ALJIBE | D64: =SUMIF($E$2:$E$61,C64,$O$2:$O$61) -> 6 | E64: ETP | F64: =SUMIF($C$2:$C$61,E64,$O$2:$O$61) -> 5 | M64: Equipo Fab hasta
C65: ATMOSFERICO | D65: =SUMIF($E$2:$E$61,C65,$O$2:$O$61) -> 1 | E65: CENTRO EQUIPOS | F65: =SUMIF($C$2:$C$61,E65,$O$2:$O$61) -> 13 | H65: Equ. Fab. Y Facturado | J65: =SUMIF(K2:K61,K65,J2:J61) -> 0 | K65: 1 | N65: =SUMIF($K$2:$K$61,K65,$O$2:$O$61) -> 1
C66: CARROCERIA MINERA | D66: =SUMIF($E$2:$E$61,C66,$O$2:$O$61) -> 0 | E66: ETP / EYC | F66: =SUMIF($C$2:$C$61,E66,$O$2:$O$61) -> 3 | H66: Equ. Facturado semanal | I66: 03/04 a 08/04 | J66: =SUMIF($L$2:$L$61,K66,$J$2:$J$61) -> 0 | K66: 1
C67: COMBUSTIBLE | D67: =SUMIF($E$2:$E$61,C67,$O$2:$O$61) -> 4 | H67: Equ. Facturado semanal | I67: 10/04 a 15/04 | J67: =SUMIF($L$2:$L$61,K67,$J$2:$J$61) -> 0 | K67: 2
C68: COMBUSTIBLE AVIACION | D68: =SUMIF($E$2:$E$61,C68,$O$2:$O$61) -> 0 | H68: Equ. Facturado semanal | I68: 17/04 a 22/04 | J68: =SUMIF($L$2:$L$61,K68,$J$2:$J$61) -> 0 | K68: 3
C69: LUBRICADOR | D69: =SUMIF($E$2:$E$61,C69,$O$2:$O$61) -> 0 | H69: Equ. Facturado semanal | I69: 24/04 a 29/04 | J69: =SUMIF($L$2:$L$61,K69,$J$2:$J$61) -> 0 | K69: 4
C70: TOLVA | D70: =SUMIF($E$2:$E$61,C70,$O$2:$O$61) -> 8 | H70: Equ. Facturado semanal | I70: 01/05 a 06/05 | J70: =SUMIF($L$2:$L$61,K70,$J$2:$J$61) -> 0 | K70: 5
C74: Total | D74: =SUM(D64:D73) -> 19 | E74: Total | F74: =SUM(F64:F73) -> 21
A75: Observaciones | I75: Atrasos por Areas | J75: Motivos de Atrasos
A76: 44896 | B76: Jue
A77: =+A76+1 -> 44897 | B77: Vie
A78: =+A77+1 -> 44898 | B78: Sab
A79: =+A78+1 -> 44899 | B79: Dom
A80: =+A79+1 -> 44900 | B80: Lun
A81: =+A80+1 -> 44901 | B81: Mar
A82: =+A81+1 -> 44902 | B82: Mie
A83: =+A82+1 -> 44903 | B83: Jue
A84: =+A83+1 -> 44904 | B84: Vie
A85: =+A84+1 -> 44905 | B85: Sab
A86: =+A85+1 -> 44906 | B86: Dom
A87: =+A86+1 -> 44907 | B87: Lun
A88: =+A87+1 -> 44908 | B88: Mar
... A106: =+A105+1 -> 44926 | B106: Sab
A108: LEYENDA DE ATRASOS POR AREAS
A109: =COUNTIF($I$76:$I$109,B109) -> 0 | B109: ING-A | C109: INGENIERIA = ING-ATRASO
A110: =COUNTIF($I$76:$I$109,B110) -> 0 | B110: CP-A | C110: CORTE Y PLEGADO = CP-ATRASO
A111: =COUNTIF($I$76:$I$109,B111) -> 0 | B111: AR-A | C111: ARMADO Y REMATE = AR-ATRASO
A112: =COUNTIF($I$76:$I$109,B112) -> 0 | B112: MON-A | C112: MONTAJE = MON-ATRASO
A113: =COUNTIF($I$76:$I$109,B113) -> 0 | B113: HID-A | C113: HIDRAULICA = HID-ATRASO
A114: =COUNTIF($I$76:$I$109,B114) -> 0 | B114: PIN-A | C114: PINTURA = PIN-ATRASO
A115: =COUNTIF($I$76:$I$109,B115) -> 0 | B115: TERM-A | C115: TERMINACIONES = TERM-ATRASO
A116: =COUNTIF($I$76:$I$109,B116) -> 0 | B116: VEN-A | C116: VENTAS = VEN-ATRASO
A117: =COUNTIF($I$76:$I$109,B117) -> 0 | B117: PS-A | C117: PATIO STOCK = PS-ATRASO
A118: =COUNTIF($I$76:$I$109,B118) -> 0 | B118: TMI | C118: TIEMPO MUERTO INICIO = TMI
A119: =COUNTIF($I$76:$I$109,B119) -> 0 | B119: TMS | C119: TIEMPO MUERTO STOCK = TMS
A125: MOTIVOS DE ATRASOS
A126: =COUNTIF($J$76:$J$109,B126) -> 0 | B126: FM | C126: FALLA MAQUINARIA
A127: =COUNTIF($J$76:$J$109,B127) -> 0 | B127: FMAT | C127: FALTA MATERIAL
A128: =COUNTIF($J$76:$J$109,B128) -> 0 | B128: FS | C128: FALLA SUMINISTRO
A129: =COUNTIF($J$76:$J$109,B129) -> 0 | B129: FH | C129: FALTA HERRAMIENTA
A130: =COUNTIF($J$76:$J$109,B130) -> 0 | B130: AP | C130: AUSENCIA PERSONAL
A131: =COUNTIF($J$76:$J$109,B131) -> 0 | B131: EP | C131: ESPERA PROSESO
A132: =COUNTIF($J$76:$J$109,B132) -> 0 | B132: CAP | C132: CAMBIO PRIORIDAD
A133: =COUNTIF($J$76:$J$109,B133) -> 0 | B133: PC | C133: PROBLEMA EN CAMION
A134: =COUNTIF($J$76:$J$109,B134) -> 0 | B134: REP | C134: REPROCESO
A135: =COUNTIF($J$76:$J$109,B135) -> 0 | B135: GA | C135: GARANTIA
A136: =COUNTIF($J$76:$J$109,B136) -> 0 | B136: SI | C136: SIN INFORMACION
A137: =COUNTIF($J$76:$J$109,B137) -> 0 | B137: SC | C137: SIN CAMION
A138: =COUNTIF($J$76:$J$109,B138) -> 0 | B138: ET | C138: ESPERA TERCEROS
C145: Distribucion de Hora Extra
C146: Hora Extra Entre semana | D146: Sabado | E146: Domingo | F146: Feriado | G146: Total Hora Extra
G147: =SUM(B147:F147) -> 0

Sheet MAY-23
A1: Prioridad | B1: OT | C1: Cliente Interno | D1: Cliente | E1: Equipo | F1: Modelo/Capacidad | G1: Camion | H1: Modelo | I1: Vin / Patente | J1: VALOR NETO | K1: % | L1: SM | N1: Fecha | P1: INGENIERIA | Q1: Dia | R1: CORTE Y PLEGADO | S1: Dia | T1: ARMADO | U1: Dia | V1: CUADRILLA | W1: MONTAJE | X1: Dia | Y1: CUADRILLA | Z1: PINTURA | AA1: Dia | AB1: CUADRILLA | AC1: HIDRAULICA | AD1: Dia | AE1: CUADRILLA | AF1: TERMINACIONES | AG1: Dia | AH1: CUADRILLA | AI1: PTO | AJ1: STOCK | AK1: BBA H | AL1: STOCK | AM1: CILINDRO | AN1: BBA CENT. | AO1: Pintura | AP1: Acero
K2: 0 | L2: - | M2: - | N2: - | O2: 1 | P2: - | Q2: - | R2: - | S2: - | T2: - | U2: - | V2: - | W2: - | X2: - | Y2: - | Z2: - | AA2: - | AB2: - | AC2: - | AD2: - | AE2: - | AF2: - | AG2: - | AH2: -
K3: 0 | L3: - | M3: - | N3: - | O3: 1 | P3: - | Q3: - | R3: - | S3: - | T3: - | U3: - | V3: - | W3: - | X3: - | Y3: - | Z3: - | AA3: - | AB3: - | AC3: - | AD3: - | AE3: - | AF3: - | AG3: - | AH3: -
K4: 0 | L4: - | M4: - | N4: - | O4: 1 | P4: - | Q4: - | R4: - | S4: - | T4: - | U4: - | V4: - | W4: - | X4: - | Y4: - | Z4: - | AA4: - | AB4: - | AC4: - | AD4: - | AE4: - | AF4: - | AG4: - | AH4: -
K5: 0 | L5: - | M5: - | N5: - | O5: 1 | P5: - | Q5: - | R5: - | S5: - | T5: - | U5: - | V5: - | W5: - | X5: - | Y5: - | Z5: - | AA5: - | AB5: - | AC5: - | AD5: - | AE5: - | AF5: - | AG5: - | AH5: -
K6: 0 | L6: - | M6: - | N6: - | O6: 1 | P6: - | Q6: - | R6: - | S6: - | T6: - | U6: - | V6: - | W6: - | X6: - | Y6: - | Z6: - | AA6: - | AB6: - | AC6: - | AD6: - | AE6: - | AF6: - | AG6: - | AH6: -
K7: 0 | L7: - | M7: - | N7: - | O7: 1 | P7: - | Q7: - | R7: - | S7: - | T7: - | U7: - | V7: - | W7: - | X7: - | Y7: - | Z7: - | AA7: - | AB7: - | AC7: - | AD7: - | AE7: - | AF7: - | AG7: - | AH7: -
K8: 0 | L8: - | M8: - | N8: - | O8: 1 | P8: - | Q8: - | R8: - | S8: - | T8: - | U8: - | V8: - | W8: - | X8: - | Y8: - | Z8: - | AA8: - | AB8: - | AC8: - | AD8: - | AE8: - | AF8: - | AG8: - | AH8: -
K9: 0 | L9: - | M9: - | N9: - | O9: 1 | P9: - | Q9: - | R9: - | S9: - | T9: - | U9: - | V9: - | W9: - | X9: - | Y9: - | Z9: - | AA9: - | AB9: - | AC9: - | AD9: - | AE9: - | AF9: - | AG9: - | AH9: -
K10: 0 | L10: - | M10: - | N10: - | O10: 1 | P10: - | Q10: - | R10: - | S10: - | T10: - | U10: - | V10: - | W10: - | X10: - | Y10: - | Z10: - | AA10: - | AB10: - | AC10: - | AD10: - | AE10: - | AF10: - | AG10: - | AH10: -
K11: 0 | L11: - | M11: - | N11: - | O11: 1 | P11: - | Q11: - | R11: - | S11: - | T11: - | U11: - | V11: - | W11: - | X11: - | Y11: - | Z11: - | AA11: - | AB11: - | AC11: - | AD11: - | AE11: - | AF11: - | AG11: - | AH11: -
K12: 0 | L12: - | M12: - | N12: - | O12: 1 | P12: - | Q12: - | R12: - | S12: - | T12: - | U12: - | V12: - | W12: - | X12: - | Y12: - | Z12: - | AA12: - | AB12: - | AC12: - | AD12: - | AE12: - | AF12: - | AG12: - | AH12: -
K13: 0 | L13: - | M13: - | N13: - | O13: 1 | P13: - | Q13: - | R13: - | S13: - | T13: - | U13: - | V13: - | W13: - | X13: - | Y13: - | Z13: - | AA13: - | AB13: - | AC13: - | AD13: - | AE13: - | AF13: - | AG13: - | AH13: -
... K61: 0 | L61: - | M61: - | N61: - | O61: 1 | P61: - | Q61: - | R61: - | S61: - | T61: - | U61: - | V61: - | W61: - | X61: - | Y61: - | Z61: - | AA61: - | AB61: - | AC61: - | AD61: - | AE61: - | AF61: - | AG61: - | AH61: -
C63: Mix de Producto | E63: Cliente Interno | H63: Total equipo Diciembre | I63: =SUM(O2:O61) -> 60 | J63: =SUM(J2:J61) -> 0 | K63: =SUM(P63:AH63) -> 1 | P63: 0.03 | R63: 0.1 | T63: 0.3 | W63: 0.3 | Z63: 0.1 | AC63: 0.12 | AF63: 0.05
C64: ALJIBE | D64: =SUMIF($E$2:$E$61,C64,$O$2:$O$61) -> 0 | E64: ETP | F64: =SUMIF($C$2:$C$61,E64,$O$2:$O$61) -> 0 | M64: Equipo Fab hasta
C65: ATMOSFERICO | D65: =SUMIF($E$2:$E$61,C65,$O$2:$O$61) -> 0 | E65: CENTRO EQUIPOS | F65: =SUMIF($C$2:$C$61,E65,$O$2:$O$61) -> 0 | H65: Equ. Fab. Y Facturado | J65: =SUMIF(K2:K61,K65,J2:J61) -> 0 | K65: 1 | N65: =SUMIF($K$2:$K$61,K65,$O$2:$O$61) -> 0
C66: CARROCERIA MINERA | D66: =SUMIF($E$2:$E$61,C66,$O$2:$O$61) -> 0 | E66: ETP / EYC | F66: =SUMIF($C$2:$C$61,E66,$O$2:$O$61) -> 0 | H66: Equ. Facturado semanal | I66: 28/11 a 03/12 | J66: =SUMIF($L$2:$L$61,K66,$J$2:$J$61) -> 0 | K66: 1
C67: COMBUSTIBLE | D67: =SUMIF($E$2:$E$61,C67,$O$2:$O$61) -> 0 | H67: Equ. Facturado semanal | I67: 05/12 a 10/12 | J67: =SUMIF($L$2:$L$61,K67,$J$2:$J$61) -> 0 | K67: 2
C68: COMBUSTIBLE AVIACION | D68: =SUMIF($E$2:$E$61,C68,$O$2:$O$61) -> 0 | H68: Equ. Facturado semanal | I68: 12/12 a 17/12 | J68: =SUMIF($L$2:$L$61,K68,$J$2:$J$61) -> 0 | K68: 3
C69: LUBRICADOR | D69: =SUMIF($E$2:$E$61,C69,$O$2:$O$61) -> 0 | H69: Equ. Facturado semanal | I69: 19/12 a 24/15 | J69: =SUMIF($L$2:$L$61,K69,$J$2:$J$61) -> 0 | K69: 4
C70: TOLVA | D70: =SUMIF($E$2:$E$61,C70,$O$2:$O$61) -> 0 | H70: Equ. Facturado semanal | I70: 26/12 a 31/12 | J70: =SUMIF($L$2:$L$61,K70,$J$2:$J$61) -> 0 | K70: 5
C74: Total | D74: =SUM(D64:D73) -> 0 | E74: Total | F74: =SUM(F64:F73) -> 0
A75: Observaciones | I75: Atrasos por Areas | J75: Motivos de Atrasos
A76: 44896 | B76: Jue
A77: =+A76+1 -> 44897 | B77: Vie
A78: =+A77+1 -> 44898 | B78: Sab
A79: =+A78+1 -> 44899 | B79: Dom
A80: =+A79+1 -> 44900 | B80: Lun
A81: =+A80+1 -> 44901 | B81: Mar
A82: =+A81+1 -> 44902 | B82: Mie
A83: =+A82+1 -> 44903 | B83: Jue
A84: =+A83+1 -> 44904 | B84: Vie
A85: =+A84+1 -> 44905 | B85: Sab
A86: =+A85+1 -> 44906 | B86: Dom
A87: =+A86+1 -> 44907 | B87: Lun
A88: =+A87+1 -> 44908 | B88: Mar
... A106: =+A105+1 -> 44926 | B106: Sab
A108: LEYENDA DE ATRASOS POR AREAS
A109: =COUNTIF($I$76:$I$109,B109) -> 0 | B109: ING-A | C109: INGENIERIA = ING-ATRASO
A110: =COUNTIF($I$76:$I$109,B110) -> 0 | B110: CP-A | C110: CORTE Y PLEGADO = CP-ATRASO
A111: =COUNTIF($I$76:$I$109,B111) -> 0 | B111: AR-A | C111: ARMADO Y REMATE = AR-ATRASO
A112: =COUNTIF($I$76:$I$109,B112) -> 0 | B112: MON-A | C112: MONTAJE = MON-ATRASO
A113: =COUNTIF($I$76:$I$109,B113) -> 0 | B113: HID-A | C113: HIDRAULICA = HID-ATRASO
A114: =COUNTIF($I$76:$I$109,B114) -> 0 | B114: PIN-A | C114: PINTURA = PIN-ATRASO
A115: =COUNTIF($I$76:$I$109,B115) -> 0 | B115: TERM-A | C115: TERMINACIONES = TERM-ATRASO
A116: =COUNTIF($I$76:$I$109,B116) -> 0 | B116: VEN-A | C116: VENTAS = VEN-ATRASO
A117: =COUNTIF($I$76:$I$109,B117) -> 0 | B117: PS-A | C117: PATIO STOCK = PS-ATRASO
A118: =COUNTIF($I$76:$I$109,B118) -> 0 | B118: TMI | C118: TIEMPO MUERTO INICIO = TMI
A119: =COUNTIF($I$76:$I$109,B119) -> 0 | B119: TMS | C119: TIEMPO MUERTO STOCK = TMS
A125: MOTIVOS DE ATRASOS
A126: =COUNTIF($J$76:$J$109,B126) -> 0 | B126: FM | C126: FALLA MAQUINARIA
A127: =COUNTIF($J$76:$J$109,B127) -> 0 | B127: FMAT | C127: FALTA MATERIAL
A128: =COUNTIF($J$76:$J$109,B128) -> 0 | B128: FS | C128: FALLA SUMINISTRO
A129: =COUNTIF($J$76:$J$109,B129) -> 0 | B129: FH | C129: FALTA HERRAMIENTA
A130: =COUNTIF($J$76:$J$109,B130) -> 0 | B130: AP | C130: AUSENCIA PERSONAL
A131: =COUNTIF($J$76:$J$109,B131) -> 0 | B131: EP | C131: ESPERA PROSESO
A132: =COUNTIF($J$76:$J$109,B132) -> 0 | B132: CAP | C132: CAMBIO PRIORIDAD
A133: =COUNTIF($J$76:$J$109,B133) -> 0 | B133: PC | C133: PROBLEMA EN CAMION
A134: =COUNTIF($J$76:$J$109,B134) -> 0 | B134: REP | C134: REPROCESO
A135: =COUNTIF($J$76:$J$109,B135) -> 0 | B135: GA | C135: GARANTIA
A136: =COUNTIF($J$76:$J$109,B136) -> 0 | B136: SI | C136: SIN INFORMACION
A137: =COUNTIF($J$76:$J$109,B137) -> 0 | B137: SC | C137: SIN CAMION
A138: =COUNTIF($J$76:$J$109,B138) -> 0 | B138: ET | C138: ESPERA TERCEROS
C145: Distribucion de Hora Extra
C146: Hora Extra Entre semana | D146: Sabado | E146: Domingo | F146: Feriado | G146: Total Hora Extra
G147: =SUM(B147:F147) -> 0

Sheet JUN-23
A1: Prioridad | B1: OT | C1: Cliente Interno | D1: Cliente | E1: Equipo | F1: Modelo/Capacidad | G1: Camion | H1: Modelo | I1: Vin / Patente | J1: VALOR NETO | K1: % | L1: SM | N1: Fecha | P1: INGENIERIA | Q1: Dia | R1: CORTE Y PLEGADO | S1: Dia | T1: ARMADO | U1: Dia | V1: CUADRILLA | W1: MONTAJE | X1: Dia | Y1: CUADRILLA | Z1: PINTURA | AA1: Dia | AB1: CUADRILLA | AC1: HIDRAULICA | AD1: Dia | AE1: CUADRILLA | AF1: TERMINACIONES | AG1: Dia | AH1: CUADRILLA | AI1: PTO | AJ1: STOCK | AK1: BBA H | AL1: STOCK | AM1: CILINDRO | AN1: BBA CENT. | AO1: Pintura | AP1: Acero
K2: 0 | L2: - | M2: - | N2: - | O2: 1 | P2: - | Q2: - | R2: - | S2: - | T2: - | U2: - | V2: - | W2: - | X2: - | Y2: - | Z2: - | AA2: - | AB2: - | AC2: - | AD2: - | AE2: - | AF2: - | AG2: - | AH2: -
K3: 0 | L3: - | M3: - | N3: - | O3: 1 | P3: - | Q3: - | R3: - | S3: - | T3: - | U3: - | V3: - | W3: - | X3: - | Y3: - | Z3: - | AA3: - | AB3: - | AC3: - | AD3: - | AE3: - | AF3: - | AG3: - | AH3: -
K4: 0 | L4: - | M4: - | N4: - | O4: 1 | P4: - | Q4: - | R4: - | S4: - | T4: - | U4: - | V4: - | W4: - | X4: - | Y4: - | Z4: - | AA4: - | AB4: - | AC4: - | AD4: - | AE4: - | AF4: - | AG4: - | AH4: -
K5: 0 | L5: - | M5: - | N5: - | O5: 1 | P5: - | Q5: - | R5: - | S5: - | T5: - | U5: - | V5: - | W5: - | X5: - | Y5: - | Z5: - | AA5: - | AB5: - | AC5: - | AD5: - | AE5: - | AF5: - | AG5: - | AH5: -
K6: 0 | L6: - | M6: - | N6: - | O6: 1 | P6: - | Q6: - | R6: - | S6: - | T6: - | U6: - | V6: - | W6: - | X6: - | Y6: - | Z6: - | AA6: - | AB6: - | AC6: - | AD6: - | AE6: - | AF6: - | AG6: - | AH6: -
K7: 0 | L7: - | M7: - | N7: - | O7: 1 | P7: - | Q7: - | R7: - | S7: - | T7: - | U7: - | V7: - | W7: - | X7: - | Y7: - | Z7: - | AA7: - | AB7: - | AC7: - | AD7: - | AE7: - | AF7: - | AG7: - | AH7: -
K8: 0 | L8: - | M8: - | N8: - | O8: 1 | P8: - | Q8: - | R8: - | S8: - | T8: - | U8: - | V8: - | W8: - | X8: - | Y8: - | Z8: - | AA8: - | AB8: - | AC8: - | AD8: - | AE8: - | AF8: - | AG8: - | AH8: -
K9: 0 | L9: - | M9: - | N9: - | O9: 1 | P9: - | Q9: - | R9: - | S9: - | T9: - | U9: - | V9: - | W9: - | X9: - | Y9: - | Z9: - | AA9: - | AB9: - | AC9: - | AD9: - | AE9: - | AF9: - | AG9: - | AH9: -
K10: 0 | L10: - | M10: - | N10: - | O10: 1 | P10: - | Q10: - | R10: - | S10: - | T10: - | U10: - | V10: - | W10: - | X10: - | Y10: - | Z10: - | AA10: - | AB10: - | AC10: - | AD10: - | AE10: - | AF10: - | AG10: - | AH10: -
K11: 0 | L11: - | M11: - | N11: - | O11: 1 | P11: - | Q11: - | R11: - | S11: - | T11: - | U11: - | V11: - | W11: - | X11: - | Y11: - | Z11: - | AA11: - | AB11: - | AC11: - | AD11: - | AE11: - | AF11: - | AG11: - | AH11: -
K12: 0 | L12: - | M12: - | N12: - | O12: 1 | P12: - | Q12: - | R12: - | S12: - | T12: - | U12: - | V12: - | W12: - | X12: - | Y12: - | Z12: - | AA12: - | AB12: - | AC12: - | AD12: - | AE12: - | AF12: - | AG12: - | AH12: -
K13: 0 | L13: - | M13: - | N13: - | O13: 1 | P13: - | Q13: - | R13: - | S13: - | T13: - | U13: - | V13: - | W13: - | X13: - | Y13: - | Z13: - | AA13: - | AB13: - | AC13: - | AD13: - | AE13: - | AF13: - | AG13: - | AH13: -
... K61: 0 | L61: - | M61: - | N61: - | O61: 1 | P61: - | Q61: - | R61: - | S61: - | T61: - | U61: - | V61: - | W61: - | X61: - | Y61: - | Z61: - | AA61: - | AB61: - | AC61: - | AD61: - | AE61: - | AF61: - | AG61: - | AH61: -
C63: Mix de Producto | E63: Cliente Interno | H63: Total equipo Diciembre | I63: =SUM(O2:O61) -> 60 | J63: =SUM(J2:J61) -> 0 | K63: =SUM(P63:AH63) -> 1 | P63: 0.03 | R63: 0.1 | T63: 0.3 | W63: 0.3 | Z63: 0.1 | AC63: 0.12 | AF63: 0.05
C64: ALJIBE | D64: =SUMIF($E$2:$E$61,C64,$O$2:$O$61) -> 0 | E64: ETP | F64: =SUMIF($C$2:$C$61,E64,$O$2:$O$61) -> 0 | M64: Equipo Fab hasta
C65: ATMOSFERICO | D65: =SUMIF($E$2:$E$61,C65,$O$2:$O$61) -> 0 | E65: CENTRO EQUIPOS | F65: =SUMIF($C$2:$C$61,E65,$O$2:$O$61) -> 0 | H65: Equ. Fab. Y Facturado | J65: =SUMIF(K2:K61,K65,J2:J61) -> 0 | K65: 1 | N65: =SUMIF($K$2:$K$61,K65,$O$2:$O$61) -> 0
C66: CARROCERIA MINERA | D66: =SUMIF($E$2:$E$61,C66,$O$2:$O$61) -> 0 | E66: ETP / EYC | F66: =SUMIF($C$2:$C$61,E66,$O$2:$O$61) -> 0 | H66: Equ. Facturado semanal | I66: 28/11 a 03/12 | J66: =SUMIF($L$2:$L$61,K66,$J$2:$J$61) -> 0 | K66: 1
C67: COMBUSTIBLE | D67: =SUMIF($E$2:$E$61,C67,$O$2:$O$61) -> 0 | H67: Equ. Facturado semanal | I67: 05/12 a 10/12 | J67: =SUMIF($L$2:$L$61,K67,$J$2:$J$61) -> 0 | K67: 2
C68: COMBUSTIBLE AVIACION | D68: =SUMIF($E$2:$E$61,C68,$O$2:$O$61) -> 0 | H68: Equ. Facturado semanal | I68: 12/12 a 17/12 | J68: =SUMIF($L$2:$L$61,K68,$J$2:$J$61) -> 0 | K68: 3
C69: LUBRICADOR | D69: =SUMIF($E$2:$E$61,C69,$O$2:$O$61) -> 0 | H69: Equ. Facturado semanal | I69: 19/12 a 24/15 | J69: =SUMIF($L$2:$L$61,K69,$J$2:$J$61) -> 0 | K69: 4
C70: TOLVA | D70: =SUMIF($E$2:$E$61,C70,$O$2:$O$61) -> 0 | H70: Equ. Facturado semanal | I70: 26/12 a 31/12 | J70: =SUMIF($L$2:$L$61,K70,$J$2:$J$61) -> 0 | K70: 5
C74: Total | D74: =SUM(D64:D73) -> 0 | E74: Total | F74: =SUM(F64:F73) -> 0
A75: Observaciones | I75: Atrasos por Areas | J75: Motivos de Atrasos
A76: 44896 | B76: Jue
A77: =+A76+1 -> 44897 | B77: Vie
A78: =+A77+1 -> 44898 | B78: Sab
A79: =+A78+1 -> 44899 | B79: Dom
A80: =+A79+1 -> 44900 | B80: Lun
A81: =+A80+1 -> 44901 | B81: Mar
A82: =+A81+1 -> 44902 | B82: Mie
A83: =+A82+1 -> 44903 | B83: Jue
A84: =+A83+1 -> 44904 | B84: Vie
A85: =+A84+1 -> 44905 | B85: Sab
A86: =+A85+1 -> 44906 | B86: Dom
A87: =+A86+1 -> 44907 | B87: Lun
A88: =+A87+1 -> 44908 | B88: Mar
... A106: =+A105+1 -> 44926 | B106: Sab
A108: LEYENDA DE ATRASOS POR AREAS
A109: =COUNTIF($I$76:$I$109,B109) -> 0 | B109: ING-A | C109: INGENIERIA = ING-ATRASO
A110: =COUNTIF($I$76:$I$109,B110) -> 0 | B110: CP-A | C110: CORTE Y PLEGADO = CP-ATRASO
A111: =COUNTIF($I$76:$I$109,B111) -> 0 | B111: AR-A | C111: ARMADO Y REMATE = AR-ATRASO
A112: =COUNTIF($I$76:$I$109,B112) -> 0 | B112: MON-A | C112: MONTAJE = MON-ATRASO
A113: =COUNTIF($I$76:$I$109,B113) -> 0 | B113: HID-A | C113: HIDRAULICA = HID-ATRASO
A114: =COUNTIF($I$76:$I$109,B114) -> 0 | B114: PIN-A | C114: PINTURA = PIN-ATRASO
A115: =COUNTIF($I$76:$I$109,B115) -> 0 | B115: TERM-A | C115: TERMINACIONES = TERM-ATRASO
A116: =COUNTIF($I$76:$I$109,B116) -> 0 | B116: VEN-A | C116: VENTAS = VEN-ATRASO
A117: =COUNTIF($I$76:$I$109,B117) -> 0 | B117: PS-A | C117: PATIO STOCK = PS-ATRASO
A118: =COUNTIF($I$76:$I$109,B118) -> 0 | B118: TMI | C118: TIEMPO MUERTO INICIO = TMI
A119: =COUNTIF($I$76:$I$109,B119) -> 0 | B119: TMS | C119: TIEMPO MUERTO STOCK = TMS
A125: MOTIVOS DE ATRASOS
A126: =COUNTIF($J$76:$J$109,B126) -> 0 | B126: FM | C126: FALLA MAQUINARIA
A127: =COUNTIF($J$76:$J$109,B127) -> 0 | B127: FMAT | C127: FALTA MATERIAL
A128: =COUNTIF($J$76:$J$109,B128) -> 0 | B128: FS | C128: FALLA SUMINISTRO
A129: =COUNTIF($J$76:$J$109,B129) -> 0 | B129: FH | C129: FALTA HERRAMIENTA
A130: =COUNTIF($J$76:$J$109,B130) -> 0 | B130: AP | C130: AUSENCIA PERSONAL
A131: =COUNTIF($J$76:$J$109,B131) -> 0 | B131: EP | C131: ESPERA PROSESO
A132: =COUNTIF($J$76:$J$109,B132) -> 0 | B132: CAP | C132: CAMBIO PRIORIDAD
A133: =COUNTIF($J$76:$J$109,B133) -> 0 | B133: PC | C133: PROBLEMA EN CAMION
A134: =COUNTIF($J$76:$J$109,B134) -> 0 | B134: REP | C134: REPROCESO
A135: =COUNTIF($J$76:$J$109,B135) -> 0 | B135: GA | C135: GARANTIA
A136: =COUNTIF($J$76:$J$109,B136) -> 0 | B136: SI | C136: SIN INFORMACION
A137: =COUNTIF($J$76:$J$109,B137) -> 0 | B137: SC | C137: SIN CAMION
A138: =COUNTIF($J$76:$J$109,B138) -> 0 | B138: ET | C138: ESPERA TERCEROS
C145: Distribucion de Hora Extra
C146: Hora Extra Entre semana | D146: Sabado | E146: Domingo | F146: Feriado | G146: Total Hora Extra
G147: =SUM(B147:F147) -> 0

Sheet JUL-23
A1: Prioridad | B1: OT | C1: Cliente Interno | D1: Cliente | E1: Equipo | F1: Modelo/Capacidad | G1: Camion | H1: Modelo | I1: Vin / Patente | J1: VALOR NETO | K1: % | L1: SM | N1: Fecha | P1: INGENIERIA | Q1: Dia | R1: CORTE Y PLEGADO | S1: Dia | T1: ARMADO | U1: Dia | V1: CUADRILLA | W1: MONTAJE | X1: Dia | Y1: CUADRILLA | Z1: PINTURA | AA1: Dia | AB1: CUADRILLA | AC1: HIDRAULICA | AD1: Dia | AE1: CUADRILLA | AF1: TERMINACIONES | AG1: Dia | AH1: CUADRILLA | AI1: PTO | AJ1: STOCK | AK1: BBA H | AL1: STOCK | AM1: CILINDRO | AN1: BBA CENT. | AO1: Pintura | AP1: Acero
K2: 0 | L2: - | M2: - | N2: - | O2: 1 | P2: - | Q2: - | R2: - | S2: - | T2: - | U2: - | V2: - | W2: - | X2: - | Y2: - | Z2: - | AA2: - | AB2: - | AC2: - | AD2: - | AE2: - | AF2: - | AG2: - | AH2: -
